u,v,key,osmid,highway,name,oneway,ref,reversed,length,geometry,lanes,maxspeed,bridge,tunnel,width,access,traffic
31253600,7092267898,0,23705307,primary,新大橋通り,True,50,False,41.9877984243769,"LINESTRING (139.7635869 35.663609, 139.7634711 35.6636286, 139.7634475 35.6636313, 139.7634043 35.6636364, 139.7633442 35.6636328, 139.763283 35.6636191, 139.7632297 35.6635956, 139.7631503 35.6635538)",,,,,,,1
31253600,31253943,0,25824161,primary,新大橋通り,True,50,False,28.2819104318497,"LINESTRING (139.7635869 35.663609, 139.7634651 35.6636611, 139.7633829 35.6636878, 139.7632998 35.6637084)",,,,,,,1
31253776,9510994556,0,879780891,primary,海岸通り,True,316,False,28.0361361494713,"LINESTRING (139.7634712 35.6646214, 139.7634914 35.6643698)",4,50,,,,,1
31253943,7092267898,0,894991906,primary,海岸通り,True,316,False,21.8616825630412,"LINESTRING (139.7632998 35.6637084, 139.7631503 35.6635538)",4,50,,,,,1
31253982,31253943,0,894991907,primary,海岸通り,True,316,False,15.8905002091799,"LINESTRING (139.7633924 35.6638299, 139.7632998 35.6637084)",4,50,,,,,1
31254273,1130958910,0,97685642,unclassified,木挽町通り,True,,False,109.753058129492,"LINESTRING (139.7633251 35.6654293, 139.7634086 35.665467, 139.7641603 35.6660689, 139.7642079 35.6661036)",,,,,,,1
31254273,7094898112,0,879780891,primary,海岸通り,True,316,False,43.7882854639792,"LINESTRING (139.7633251 35.6654293, 139.763374 35.665282, 139.7633943 35.6651979, 139.7634211 35.6650439)",4,50,,,,,1
31254274,31254273,0,879780891,primary,海岸通り,True,316,False,34.2957615391549,"LINESTRING (139.7631955 35.6657192, 139.7633251 35.6654293)",4,50,,,,,1
31254275,31254274,0,879780891,primary,海岸通り,True,316,False,30.8966107267743,"LINESTRING (139.7630541 35.6659722, 139.7631955 35.6657192)",4,50,,,,,1
31254275,6773618245,0,207104343,residential,,True,,False,34.8740991204052,"LINESTRING (139.7630541 35.6659722, 139.7631285 35.6660307, 139.7633255 35.6661952)",1,,,,,,1
31254276,2172319420,0,879780891,primary,海岸通り,True,316,False,51.2324217275745,"LINESTRING (139.7628015 35.6664991, 139.7630093 35.6660704)",4,50,,,,,1
31254284,31254276,0,271720648,primary,海岸通り,True,316,False,19.0708663990843,"LINESTRING (139.7626529 35.6666197, 139.7627415 35.6665599, 139.7628015 35.6664991)",4,50,,,,,1
31254284,31254298,0,"[271720704, 4848928]",primary,昭和通り,True,316,False,134.374195770161,"LINESTRING (139.7626529 35.6666197, 139.7627956 35.6666409, 139.7629552 35.6666733, 139.7630994 35.6667262, 139.7632495 35.6668046, 139.7637217 35.6670617, 139.7639483 35.6671851)",4,,,,,,1
31254284,1130958305,0,667962677,tertiary,御門通り,True,,False,36.6265949911436,"LINESTRING (139.7626529 35.6666197, 139.7626026 35.6667277, 139.7625203 35.6669309)",,,,,,,1
31254298,835996344,0,4848928,primary,昭和通り,True,316,False,59.1376935335238,"LINESTRING (139.7639483 35.6671851, 139.7640804 35.6672718, 139.7644321 35.6675429)",,,,,,,1
31254303,835996358,0,271720622,primary,昭和通り,True,316,False,70.4265383197353,"LINESTRING (139.7641205 35.6670744, 139.7634626 35.6667346)",,,,,,,1
31254305,31254306,0,4848928,primary,昭和通り,True,316,False,12.5406973111121,"LINESTRING (139.7669344 35.6696354, 139.7670179 35.6697255)",,,,,,,1
31254305,1130958441,0,539237086,primary,晴海通り,True,304,False,42.5203481614275,"LINESTRING (139.7669344 35.6696354, 139.766825 35.6697279, 139.7666067 35.6699099)",3,,,,,,1
31254306,31254310,0,539237084,primary,晴海通り,True,304,False,22.8293737759635,"LINESTRING (139.7670179 35.6697255, 139.7671822 35.6695695)",3,,,,,,1
31254306,31254307,0,4848928,primary,昭和通り,True,316,False,131.484574900566,"LINESTRING (139.7670179 35.6697255, 139.7671425 35.6698524, 139.7677754 35.6705555, 139.7678823 35.6706767)",,,,,,,1
31254307,31254311,0,342481201,unclassified,松屋通り,True,,False,23.0794058559381,"LINESTRING (139.7678823 35.6706767, 139.7680771 35.6705424)",,,,,,,1
31254307,598438985,0,4848928,primary,昭和通り,True,316,False,132.911152383494,"LINESTRING (139.7678823 35.6706767, 139.7679755 35.6707786, 139.7686698 35.6715376, 139.7687599 35.6716361)",,,,,,,1
31254309,31254305,0,539237086,primary,晴海通り,True,304,False,23.1684735611885,"LINESTRING (139.7671133 35.6694861, 139.7669344 35.6696354)",3,,,,,,1
31254309,1070638565,0,580847357,primary,昭和通り,True,316,False,122.329092379385,"LINESTRING (139.7671133 35.6694861, 139.7669926 35.6693599, 139.7662851 35.6687819, 139.7661765 35.6686931)",,,,,,,1
31254310,31254309,0,580847357,primary,昭和通り,True,316,False,11.1686817869192,"LINESTRING (139.7671822 35.6695695, 139.7671133 35.6694861)",,,,,,,1
31254310,1130958517,0,269150840,primary,晴海通り,True,304,False,92.2814798186934,"LINESTRING (139.7671822 35.6695695, 139.7673111 35.6694571, 139.7678896 35.6689708)",3,,,,,,1
31254311,1130958918,0,69963039,primary,昭和通り,True,316,False,30.9074961850952,"LINESTRING (139.7680771 35.6705424, 139.7679798 35.6704357, 139.7678722 35.6703198)",,,,,,,1
31254311,951247032,0,342481201,unclassified,松屋通り,True,,False,38.9940016455994,"LINESTRING (139.7680771 35.6705424, 139.7681649 35.6704768, 139.7683947 35.6703049)",,,,,,,1
31254313,1130958546,0,43988828,unclassified,,True,,False,105.150031426152,"LINESTRING (139.7623229 35.6671899, 139.7623686 35.6672252, 139.7631315 35.6678019, 139.7631742 35.6678348)",,,,,,,1
31254313,1130958407,0,895804510,tertiary,御門通り,True,,False,32.3196448828541,"LINESTRING (139.7623229 35.6671899, 139.7621434 35.6673048, 139.7620234 35.6673438)",,,,,,,1
31254315,31254313,0,895804509,tertiary,御門通り,True,,False,18.1520980829245,"LINESTRING (139.7624478 35.6670623, 139.7623944 35.6671236, 139.7623229 35.6671899)",,,,,,,1
31254325,1130958590,0,97685754,unclassified,花椿通り,True,,False,43.5381410282057,"LINESTRING (139.7622349 35.66851, 139.7622893 35.668473, 139.7626046 35.6682588)",,30,,,,,1
31254325,499185790,0,538982927,trunk,中央通り,True,15,False,133.64354555124,"LINESTRING (139.7622349 35.66851, 139.7621749 35.668454, 139.7613828 35.6677073, 139.7613463 35.6676729, 139.761266 35.6676018)",2,50,,,,,1
31254332,31254325,0,97685754,unclassified,花椿通り,True,,False,5.72081179784972,"LINESTRING (139.7621899 35.6685462, 139.7622349 35.66851)",,30,,,,,1
31254332,31254333,0,196380141,trunk,中央通り,True,15,False,129.2694342296,"LINESTRING (139.7621899 35.6685462, 139.7622501 35.6686056, 139.76301 35.6693513, 139.7630468 35.6693874, 139.7631036 35.6694409)",2,50,,,,,1
31254333,565362096,0,33847144,unclassified,交詢社通り,True,,False,46.8573174643292,"LINESTRING (139.7631036 35.6694409, 139.7630441 35.6694814, 139.7627092 35.6697146)",,,,,,,1
31254333,473462992,0,196380141,trunk,中央通り,True,15,False,130.009887999419,"LINESTRING (139.7631036 35.6694409, 139.7631579 35.6694884, 139.7639484 35.6702319, 139.7639818 35.6702633, 139.7640459 35.6703246)",2,50,,,,,1
31254351,1130958431,0,342481196,unclassified,,True,,False,36.2776050050657,"LINESTRING (139.769742 35.6696618, 139.7700151 35.669901)",,,,,,,1
31255167,598438985,0,95274352,tertiary,,False,,True,22.279686868997,"LINESTRING (139.7689546 35.6715131, 139.7687599 35.6716361)",,,,,,,1
31255167,1130958649,0,69963039,primary,昭和通り,True,316,False,69.9620099416225,"LINESTRING (139.7689546 35.6715131, 139.768868 35.6714168, 139.7684933 35.6710077)",,,,,,,1
31255183,2153861398,0,856631371,unclassified,,True,,False,74.1589922091134,"LINESTRING (139.7700922 35.6740641, 139.7700531 35.6740166, 139.7696364 35.6735094)",1,30,,,,,1
31255183,1105125516,0,968060910,tertiary,銀座桜通り,False,,False,31.3521261000857,"LINESTRING (139.7700922 35.6740641, 139.7700395 35.6740898, 139.7697946 35.6742092)",,,,,,,1
31255183,1070638350,0,968060910,tertiary,銀座桜通り,False,,True,63.3826763182363,"LINESTRING (139.7700922 35.6740641, 139.7701426 35.6740474, 139.7705546 35.6739096, 139.7706103 35.673891, 139.7707411 35.6738472)",,,,,,,1
31255186,1105152945,0,968060906,tertiary,銀座桜通り,False,,True,60.2029678229294,"LINESTRING (139.7715876 35.6736674, 139.7716464 35.6736459, 139.7721952 35.6734449)",,,,,,,1
31255186,1070638366,0,968060907,tertiary,銀座桜通り,False,,False,56.3424318580959,"LINESTRING (139.7715876 35.6736674, 139.7715151 35.6736807, 139.7713328 35.6737138, 139.7711684 35.6737452, 139.7710997 35.6737583, 139.7709796 35.6737805)",,,,,,,1
31255186,5110457575,0,1085022605,unclassified,,True,,False,34.7074344676964,"LINESTRING (139.7715876 35.6736674, 139.7716165 35.6737177, 139.771751 35.6739499)",,,,,,,1
254367451,1105125307,0,539237084,primary,晴海通り,True,304,False,53.2035518054577,"LINESTRING (139.7661214 35.6704702, 139.7665353 35.6701298)",3,,,,,,1
258071906,258071907,0,1090618166,trunk,中央通り,True,15,False,12.5525754640366,"LINESTRING (139.7649681 35.6712011, 139.7650565 35.6712882)",2,50,,,,,1
258071906,565362098,0,539237085,primary,晴海通り,True,304,False,53.667280506741,"LINESTRING (139.7649681 35.6712011, 139.7648513 35.6712862, 139.7645315 35.6715284)",3,,,,,,1
258071907,951247020,0,539237084,primary,晴海通り,True,304,False,7.36625632063913,"LINESTRING (139.7650565 35.6712882, 139.7651153 35.6712423)",3,,,,,,1
258071907,565362105,0,1026056857,trunk,中央通り,True,15,False,113.636945121999,"LINESTRING (139.7650565 35.6712882, 139.7651753 35.6714051, 139.7657799 35.6719676, 139.7658183 35.6720033, 139.76588 35.6720607)",2,50,,,,,1
258071908,499185615,0,1070720650,tertiary,銀座桜通り,False,,True,7.75915701613482,"LINESTRING (139.7687537 35.6747814, 139.7688353 35.6747596)",,,,,,,1
258071908,1105152856,0,"[1070720649, 1070720646]",tertiary,銀座桜通り,False,,False,53.1054209094128,"LINESTRING (139.7687537 35.6747814, 139.7686367 35.6748128, 139.7685452 35.6748397, 139.7681998 35.6749414)",2,,,,,,1
260426062,2135828550,0,240595359,tertiary,,False,,False,29.4391243948074,"LINESTRING (139.7593544 35.6693074, 139.7595295 35.6691786, 139.7595953 35.6691291)",2,,,,,,1
260426062,1105125191,0,240595359,tertiary,,False,,True,20.9068913556741,"LINESTRING (139.7593544 35.6693074, 139.7592333 35.6693961, 139.7591657 35.6694045)",2,,,,,,1
304153029,473470182,0,27695604,unclassified,並木通り,True,,False,11.9369620209906,"LINESTRING (139.7638769 35.672018, 139.7639598 35.6721016)",,,,,10,,1
304153029,473471533,0,539237085,primary,晴海通り,True,304,False,32.6959767186845,"LINESTRING (139.7638769 35.672018, 139.7637878 35.6720807, 139.7636015 35.6722088)",3,,,,,,1
304153030,565362076,0,27695604,unclassified,並木通り,True,,False,104.888937602416,"LINESTRING (139.7603126 35.6686238, 139.7610058 35.6693057, 139.761052 35.6693511)",,,,,10,,1
304153031,2135828545,0,27695605,unclassified,,True,,False,3.76194487552094,"LINESTRING (139.7596375 35.6690963, 139.7596686 35.6690738)",,,,,,,1
304153031,2135828550,0,240595359,tertiary,,False,,True,5.27582586028336,"LINESTRING (139.7596375 35.6690963, 139.7595953 35.6691291)",2,,,,,,1
304153034,473462991,0,27695604,unclassified,並木通り,True,,False,130.312073207621,"LINESTRING (139.7619866 35.6702206, 139.7620316 35.6702658, 139.7628765 35.6710757, 139.762918 35.6711155)",,,,,10,,1
304153034,473470386,0,33847144,unclassified,交詢社通り,True,,False,43.9726724154254,"LINESTRING (139.7619866 35.6702206, 139.7619348 35.6702575, 139.7616091 35.6704702)",,,,,,,1
304153036,565362121,0,46869644,unclassified,銀座マロニエ通り,False,,True,7.20142870039723,"LINESTRING (139.7668881 35.6729325, 139.7668254 35.6729725)",,,,,,,1
304153036,689881123,0,568498791,trunk,中央通り,True,15,False,132.769594281218,"LINESTRING (139.7668881 35.6729325, 139.7668103 35.6728587, 139.7660367 35.6721257, 139.7659974 35.6720885, 139.7659316 35.6720259)",2,50,,,,,1
387769189,565362085,0,33847144,unclassified,交詢社通り,True,,False,37.448181863353,"LINESTRING (139.7608877 35.6710007, 139.7605735 35.6712204)",,,,,,,1
387769189,2019136813,0,39629507,residential,,True,,False,90.9582340503887,"LINESTRING (139.7608877 35.6710007, 139.7608467 35.6709618, 139.7602333 35.670379)",,,,,,,1
387769191,5102651244,0,44492913,unclassified,花椿通り,False,,False,7.96765467932513,"LINESTRING (139.7599582 35.6701194, 139.7600229 35.6700707)",,,,,,,1
387769191,565362081,0,44492913,unclassified,花椿通り,False,,True,31.9240515918205,"LINESTRING (139.7599582 35.6701194, 139.7597181 35.6702765, 139.7596803 35.6702965)",,,,,,,1
473462991,304153029,0,27695604,unclassified,並木通り,True,,False,132.565954162898,"LINESTRING (139.762918 35.6711155, 139.7629629 35.6711578, 139.7638107 35.6719558, 139.7638769 35.672018)",,,,,10,,1
473462991,473474086,0,39629578,unclassified,みゆき通り,True,,False,45.9207952953065,"LINESTRING (139.762918 35.6711155, 139.762963 35.671084, 139.7633034 35.6708462)",,30,,,,,1
473462992,473462993,0,39629578,unclassified,みゆき通り,True,,False,6.71808277434992,"LINESTRING (139.7640459 35.6703246, 139.7641027 35.6702856)",,30,,,,,1
473462992,258071906,0,196380141,trunk,中央通り,True,15,False,128.217016888224,"LINESTRING (139.7640459 35.6703246, 139.7641098 35.6703867, 139.7648129 35.67105, 139.7648547 35.6710894, 139.7649681 35.6712011)",2,50,,,,,1
473462993,1130958981,0,39629578,unclassified,みゆき通り,True,,False,57.0946306473037,"LINESTRING (139.7641027 35.6702856, 139.7641677 35.6702429, 139.7645762 35.6699456)",,30,,,,,1
473462993,1891432787,0,538982927,trunk,中央通り,True,15,False,130.192120387644,"LINESTRING (139.7641027 35.6702856, 139.7640403 35.6702234, 139.7632507 35.6694831, 139.7632147 35.6694494, 139.7631623 35.6693984)",2,50,,,,,1
473470166,473470198,0,27695604,unclassified,並木通り,True,,False,86.816039370614,"LINESTRING (139.7666356 35.6746345, 139.7666878 35.6746848, 139.7671886 35.6751761, 139.7672485 35.6752359)",,,,,10,,1
473470166,510591085,0,95277526,unclassified,銀座柳通り,True,,False,45.702274276603,"LINESTRING (139.7666356 35.6746345, 139.7667032 35.6745867, 139.7670192 35.6743665)",,,,,,,1
473470182,1130958543,0,27695604,unclassified,並木通り,True,,False,60.7697217831212,"LINESTRING (139.7639598 35.6721016, 139.7640339 35.6721699, 139.7643949 35.6725184)",,,,,10,,1
473470182,473474084,0,884274229,primary,晴海通り,True,304,False,52.8469885192206,"LINESTRING (139.7639598 35.6721016, 139.7640245 35.6720555, 139.764397 35.6717858)",3,,,,,,1
473470198,499185617,0,690198419,tertiary,銀座桜通り,False,,True,25.3778221679246,"LINESTRING (139.7672485 35.6752359, 139.7673039 35.6752181, 139.7675105 35.6751535)",,,,,,,1
473470198,1105152922,0,690198420,tertiary,銀座桜通り,False,,False,48.0060433317254,"LINESTRING (139.7672485 35.6752359, 139.7671348 35.6752716, 139.7667528 35.6753916)",,,,,,,1
473470385,473462991,0,39629578,unclassified,みゆき通り,True,,False,42.6122329148944,"LINESTRING (139.7625609 35.6713659, 139.7628749 35.6711457, 139.762918 35.6711155)",,30,,,,,1
473470385,473470386,0,240595364,unclassified,,True,,False,131.760553686883,"LINESTRING (139.7625609 35.6713659, 139.7625117 35.6713385, 139.761656 35.6705146, 139.7616091 35.6704702)",,30,,,,,1
473470386,2135828611,0,33847144,unclassified,交詢社通り,True,,False,32.8635240561061,"LINESTRING (139.7616091 35.6704702, 139.7614323 35.6706003, 139.7613399 35.670669)",,,,,,,1
473470386,565362075,0,240595364,unclassified,,True,,False,128.238541307498,"LINESTRING (139.7616091 35.6704702, 139.7615808 35.6704424, 139.7607454 35.6696244, 139.7607027 35.6695826)",,30,,,,,1
473470387,304153030,0,27695605,unclassified,,True,,False,43.0822939623959,"LINESTRING (139.759953 35.6688783, 139.7602612 35.6686602, 139.7603126 35.6686238)",,,,,,,1
473470387,473470388,0,240595364,unclassified,,True,,False,91.7812880622355,"LINESTRING (139.759953 35.6688783, 139.7593454 35.668313, 139.7592915 35.6682522)",,30,,,,,1
473470388,2135828535,0,1025991803,tertiary,御門通り,True,,False,38.0228344723175,"LINESTRING (139.7592915 35.6682522, 139.7590623 35.6683283, 139.7589952 35.6683556, 139.7589482 35.6683774, 139.7589114 35.6683972)",,,,,,,1
473471533,473470385,0,39521243,unclassified,ソニー通り,True,,False,136.145555144083,"LINESTRING (139.7636015 35.6722088, 139.7635488 35.6722162, 139.7635123 35.6722146, 139.7634744 35.6721965, 139.7633795 35.672108, 139.7626152 35.6713957, 139.7625609 35.6713659)",,30,,,,,1
473471533,2135828639,0,539237085,primary,晴海通り,True,304,False,41.6901921538385,"LINESTRING (139.7636015 35.6722088, 139.7634237 35.672336, 139.7633779 35.6723679, 139.7632528 35.6724544)",3,,,,,,1
473471752,565362091,0,39521349,unclassified,数寄屋通り,True,,False,77.5205170956637,"LINESTRING (139.7618293 35.6718817, 139.7617852 35.6718413, 139.761411 35.6714977, 139.7612606 35.6713596)",,,,,,,1
473471752,2135828631,0,39629578,unclassified,みゆき通り,True,,False,47.5586639860122,"LINESTRING (139.7618293 35.6718817, 139.762143 35.6716654, 139.7622324 35.6716066)",,30,,,,,1
473474084,565362099,0,884274229,primary,晴海通り,True,304,False,25.3743524355106,"LINESTRING (139.764397 35.6717858, 139.7646035 35.6716311)",3,,,,,,1
473474085,473474086,0,39521608,unclassified,西五番街通り,True,,False,134.020028455337,"LINESTRING (139.7643137 35.6716928, 139.7642654 35.6716966, 139.7642262 35.6716932, 139.7641865 35.6716768, 139.763348 35.6708831, 139.7633034 35.6708462)",,,,,,,1
473474085,304153029,0,539237085,primary,晴海通り,True,304,False,53.5213445316468,"LINESTRING (139.7643137 35.6716928, 139.7639363 35.6719751, 139.7638769 35.672018)",3,,,,,,1
473474086,475008840,0,39629578,unclassified,みゆき通り,True,,False,39.7168298190798,"LINESTRING (139.7633034 35.6708462, 139.7636402 35.6706166)",,30,,,,,1
473474086,565362087,0,240595362,unclassified,,True,,False,130.593387213577,"LINESTRING (139.7633034 35.6708462, 139.7632585 35.6708085, 139.7624106 35.6699908, 139.7623684 35.6699506)",,,,,,,1
473474087,565362073,0,4848930,tertiary,御門通り,True,,False,44.6077578873455,"LINESTRING (139.7602354 35.6679378, 139.7599011 35.6680494, 139.7598788 35.6680572, 139.7597795 35.6680919)",,,,,,,1
475008839,473474087,0,4848930,tertiary,御門通り,True,,False,41.5966768782557,"LINESTRING (139.7606628 35.6677986, 139.7602354 35.6679378)",,,,,,,1
475008839,565362079,0,39629166,residential,金春通り,False,,False,152.764311577443,"LINESTRING (139.7606628 35.6677986, 139.760715 35.6678481, 139.761737 35.6687971, 139.7617757 35.668833)",,,,,,,1
475008840,473462992,0,39629578,unclassified,みゆき通り,True,,False,48.9633626571598,"LINESTRING (139.7636402 35.6706166, 139.7639285 35.6704079, 139.7639713 35.6703769, 139.7640459 35.6703246)",,30,,,,,1
475008840,565362098,0,240595360,unclassified,銀座すずらん通り,True,,False,131.703812843265,"LINESTRING (139.7636402 35.6706166, 139.7636793 35.6706515, 139.7645234 35.6714413, 139.76454 35.6714674, 139.7645407 35.6714984, 139.7645315 35.6715284)",,,,,,,1
475010342,1130958878,0,680788593,primary,晴海通り,True,304,False,62.5606129516537,"LINESTRING (139.7660409 35.6703807, 139.7655487 35.6707765)",3,,,,,,1
475010342,5218144609,0,904911912,unclassified,,False,,True,16.9254113565574,"LINESTRING (139.7660409 35.6703807, 139.7659728 35.6703354, 139.765896 35.6702842)",,,,,,,1
475010618,6188342496,0,39520581,unclassified,銀座コリドー通り,True,,False,72.3807832664901,"LINESTRING (139.7603033 35.671398, 139.7605847 35.6719255, 139.7606232 35.6719948)",,,,,,,1
499185613,1105125075,0,968060910,tertiary,銀座桜通り,False,,False,37.736070274886,"LINESTRING (139.7695383 35.6743414, 139.7692171 35.6745584)",,,,,,,1
499185613,1105125707,0,968060910,tertiary,銀座桜通り,False,,True,16.9067631124954,"LINESTRING (139.7695383 35.6743414, 139.7696956 35.674259)",,,,,,,1
499185613,1105125539,0,95274326,unclassified,銀座三原通り,True,,False,146.257048468287,"LINESTRING (139.7695383 35.6743414, 139.7694941 35.6742937, 139.7686012 35.6733359, 139.768561 35.6732927)",,,,,,,1
499185615,258071908,0,1070720650,tertiary,銀座桜通り,False,,False,7.75915701613482,"LINESTRING (139.7688353 35.6747596, 139.7687537 35.6747814)",,,,,,,1
499185615,1105152894,0,568498791,trunk,中央通り,True,15,False,140.476996693738,"LINESTRING (139.7688353 35.6747596, 139.7687221 35.674651, 139.7679219 35.6738992, 139.7678813 35.6738611, 139.7678195 35.673803)",2,50,,,,,1
499185615,1105125075,0,"[1070720648, 968060910]",tertiary,銀座桜通り,False,,True,41.6417486383506,"LINESTRING (139.7688353 35.6747596, 139.7689585 35.6747266, 139.7690152 35.6746897, 139.7692171 35.6745584)",,,,,,,1
499185617,1105152881,0,690198421,tertiary,銀座桜通り,False,,True,24.0253742280232,"LINESTRING (139.7675105 35.6751535, 139.7677584 35.6750752)",,,,,,,1
499185617,473470198,0,690198419,tertiary,銀座桜通り,False,,False,25.3778221679246,"LINESTRING (139.7675105 35.6751535, 139.7673039 35.6752181, 139.7672485 35.6752359)",,,,,,,1
499185790,1105125625,0,667962676,tertiary,御門通り,True,,False,7.60022798960019,"LINESTRING (139.761266 35.6676018, 139.7611885 35.6676284)",,,,,,,1
510591085,510591086,0,95277526,unclassified,銀座柳通り,True,,False,40.0165673055075,"LINESTRING (139.7670192 35.6743665, 139.7673563 35.674133)",,,,,,,1
510591085,565362116,0,39629431,unclassified,銀座レンガ通り,True,,False,128.870621989561,"LINESTRING (139.7670192 35.6743665, 139.7669774 35.6743262, 139.7667008 35.6740579, 139.7661247 35.6735234, 139.7660882 35.6734884)",,,,,,,1
510591086,1105152920,0,95277526,unclassified,銀座柳通り,True,,False,48.8759264161149,"LINESTRING (139.7673563 35.674133, 139.7676559 35.6739228, 139.767698 35.6738932, 139.7677657 35.6738456)",,,,,,,1
510591086,7004247500,0,207093731,residential,銀座ガス灯通り,True,,False,44.1838194841275,"LINESTRING (139.7673563 35.674133, 139.7673941 35.6741692, 139.7676726 35.6744361)",,,,,,,1
559359752,1070638575,0,4848928,primary,昭和通り,True,316,False,126.290632867367,"LINESTRING (139.7650145 35.6680362, 139.7654503 35.6683794, 139.7657226 35.6685886, 139.7659153 35.668744, 139.766018 35.6688269)",,,,,,,1
559359752,559979729,0,39629550,unclassified,交詢社通り,True,,False,63.0371547566803,"LINESTRING (139.7650145 35.6680362, 139.7649389 35.6680959, 139.7645142 35.6684314)",,,,,,,1
559359760,559979730,0,680788592,unclassified,みゆき通り,True,,False,38.7783814345967,"LINESTRING (139.7652703 35.6694588, 139.7655843 35.669221)",,30,,,,,1
559359760,1130958964,0,43988828,unclassified,,True,,False,92.0522213137819,"LINESTRING (139.7652703 35.6694588, 139.7653191 35.6694954, 139.7660245 35.6700155)",,,,,,,1
559359763,1130958602,0,39629550,unclassified,交詢社通り,True,,False,31.0979276673492,"LINESTRING (139.7642258 35.6686491, 139.7640215 35.6687961, 139.763967 35.6688335)",,,,,,,1
559359763,559359760,0,43988828,unclassified,,True,,False,130.419640206434,"LINESTRING (139.7642258 35.6686491, 139.7642761 35.6686877, 139.7652206 35.6694215, 139.7652703 35.6694588)",,,,,,,1
559979729,559359763,0,39629550,unclassified,交詢社通り,True,,False,35.5630485345717,"LINESTRING (139.7645142 35.6684314, 139.7642258 35.6686491)",,,,,,,1
559979729,1721499345,0,44049166,unclassified,,True,,False,53.529176564067,"LINESTRING (139.7645142 35.6684314, 139.7644617 35.6683917, 139.7640807 35.6681032)",1,,,,,,1
559979730,559979729,0,44049166,unclassified,,True,,False,130.619529603004,"LINESTRING (139.7655843 35.669221, 139.7655327 35.6691829, 139.7649667 35.6687805, 139.764568 35.6684698, 139.7645142 35.6684314)",1,,,,,,1
559979730,1070638575,0,680788592,unclassified,みゆき通り,True,,False,58.7817708061187,"LINESTRING (139.7655843 35.669221, 139.7659352 35.6689022, 139.766018 35.6688269)",,30,,,,,1
565362073,304153030,0,27695604,unclassified,並木通り,True,,False,76.8400095007684,"LINESTRING (139.7597795 35.6680919, 139.759795 35.668133, 139.759809 35.6681593, 139.7598132 35.6681671, 139.7602731 35.6685876, 139.7603126 35.6686238)",,,,,10,,1
565362073,473470388,0,1025991803,tertiary,御門通り,True,,False,47.5510245761909,"LINESTRING (139.7597795 35.6680919, 139.7597035 35.6681169, 139.7592915 35.6682522)",,,,,,,1
565362074,2135828579,0,44492913,unclassified,花椿通り,False,,True,5.14925798281496,"LINESTRING (139.7603876 35.6698016, 139.7603446 35.669832)",,,,,,,1
565362074,2135828574,0,240595361,unclassified,花椿通り,True,,False,4.43253314949176,"LINESTRING (139.7603876 35.6698016, 139.7604249 35.6697757)",,,,,,,1
565362075,565362076,0,240595361,unclassified,花椿通り,True,,False,40.7218962096822,"LINESTRING (139.7607027 35.6695826, 139.7610104 35.6693787, 139.761052 35.6693511)",,,,,,,1
565362075,473470387,0,240595364,unclassified,,True,,False,103.536006690693,"LINESTRING (139.7607027 35.6695826, 139.7606656 35.6695477, 139.759953 35.6688783)",,30,,,,,1
565362076,304153034,0,27695604,unclassified,並木通り,True,,False,128.357981788039,"LINESTRING (139.761052 35.6693511, 139.761089 35.6693855, 139.7619478 35.6701833, 139.7619866 35.6702206)",,,,,10,,1
565362076,565362077,0,240595361,unclassified,花椿通り,True,,False,46.3990166583794,"LINESTRING (139.761052 35.6693511, 139.7611015 35.6693145, 139.7614316 35.66907)",,,,,,,1
565362077,565362079,0,240595361,unclassified,花椿通り,True,,False,40.7519535957831,"LINESTRING (139.7614316 35.66907, 139.7617757 35.668833)",,,,,,,1
565362077,473474087,0,839784837,unclassified,見番通り,True,,False,165.914646577608,"LINESTRING (139.7614316 35.66907, 139.7613957 35.669036, 139.7602977 35.6679933, 139.7602354 35.6679378)",,,,,,,1
565362079,475008839,0,39629166,residential,金春通り,False,,True,152.764311577443,"LINESTRING (139.7617757 35.668833, 139.761737 35.6687971, 139.760715 35.6678481, 139.7606628 35.6677986)",,,,,,,1
565362079,565362096,0,240595360,unclassified,銀座すずらん通り,True,,False,129.309252737348,"LINESTRING (139.7617757 35.668833, 139.7618172 35.6688722, 139.7619882 35.6690337, 139.7626722 35.6696797, 139.7627092 35.6697146)",,,,,,,1
565362079,31254332,0,240595361,unclassified,花椿通り,True,,False,49.1633843074512,"LINESTRING (139.7617757 35.668833, 139.7620574 35.668638, 139.7621129 35.6685996, 139.7621899 35.6685462)",,,,,,,1
565362081,2019136815,0,39520581,unclassified,銀座コリドー通り,True,,False,41.0573780883925,"LINESTRING (139.7596803 35.6702965, 139.7598627 35.6706347)",,,,,,,1
565362081,387769191,0,44492913,unclassified,花椿通り,False,,False,31.9240515918205,"LINESTRING (139.7596803 35.6702965, 139.7597181 35.6702765, 139.7599582 35.6701194)",,,,,,,1
565362085,475010618,0,33847144,unclassified,交詢社通り,True,,False,31.3963658542487,"LINESTRING (139.7605735 35.6712204, 139.7603525 35.6713657, 139.7603033 35.671398)",,,,,,,1
565362085,565362089,0,44492914,residential,泰明通り,True,,False,52.9314103655208,"LINESTRING (139.7605735 35.6712204, 139.7606102 35.6712555, 139.760953 35.6715831)",,,,,,,1
565362087,304153034,0,33847144,unclassified,交詢社通り,True,,False,45.7264973776991,"LINESTRING (139.7623684 35.6699506, 139.7620318 35.6701879, 139.7619866 35.6702206)",,,,,,,1
565362087,565362077,0,240595362,unclassified,,True,,False,129.419540030148,"LINESTRING (139.7623684 35.6699506, 139.7623324 35.6699168, 139.7614751 35.6691109, 139.7614316 35.66907)",,,,,,,1
565362089,565362091,0,44492915,residential,,False,,False,37.2786193048081,"LINESTRING (139.760953 35.6715831, 139.7612606 35.6713596)",,,,,,,1
565362089,565362093,0,44492914,residential,泰明通り,True,,False,54.790140071023,"LINESTRING (139.760953 35.6715831, 139.7610965 35.6717156, 139.7612982 35.6719121, 139.7613478 35.6719571)",,,,,,,1
565362091,565362089,0,44492915,residential,,False,,True,37.2786193048081,"LINESTRING (139.7612606 35.6713596, 139.760953 35.6715831)",,,,,,,1
565362091,387769189,0,39521349,unclassified,数寄屋通り,True,,False,52.2237094672931,"LINESTRING (139.7612606 35.6713596, 139.7609259 35.6710375, 139.7608877 35.6710007)",,,,,,,1
565362093,473471752,0,"[39629578, 660991124]",unclassified,みゆき通り,True,,False,44.703420496299,"LINESTRING (139.7613478 35.6719571, 139.7617555 35.6719138, 139.7618293 35.6718817)",,30,,,,,1
565362096,565362087,0,33847144,unclassified,交詢社通り,True,,False,40.4525476040392,"LINESTRING (139.7627092 35.6697146, 139.7623684 35.6699506)",,,,,,,1
565362096,475008840,0,240595360,unclassified,銀座すずらん通り,True,,False,130.902401492965,"LINESTRING (139.7627092 35.6697146, 139.7627456 35.6697507, 139.7635926 35.6705755, 139.7636402 35.6706166)",,,,,,,1
565362098,473474085,0,539237085,primary,晴海通り,True,304,False,26.8561481883767,"LINESTRING (139.7645315 35.6715284, 139.7643137 35.6716928)",3,,,,,,1
565362099,565362103,0,207093731,residential,銀座ガス灯通り,True,,False,115.821459495234,"LINESTRING (139.7646035 35.6716311, 139.7646604 35.6716176, 139.7647033 35.6716236, 139.7647372 35.6716436, 139.7654285 35.6723131, 139.7654704 35.67235)",,,,,,,1
565362099,258071907,0,884274229,primary,晴海通り,True,304,False,55.9324428658003,"LINESTRING (139.7646035 35.6716311, 139.7648847 35.6714194, 139.7649492 35.6713714, 139.7650565 35.6712882)",3,,,,,,1
565362101,473474084,0,39629431,unclassified,銀座レンガ通り,True,,False,112.94981183184,"LINESTRING (139.7651447 35.6725794, 139.765099 35.6725403, 139.7645419 35.6719997, 139.7644151 35.6718786, 139.7643952 35.6718505, 139.7643903 35.6718145, 139.764397 35.6717858)",,,,,,,1
565362101,565362103,0,342481201,unclassified,松屋通り,True,,False,38.9396504027418,"LINESTRING (139.7651447 35.6725794, 139.7653088 35.6724625, 139.7654704 35.67235)",,,,,,,1
565362103,565362118,0,207093731,residential,銀座ガス灯通り,True,,False,132.751356163918,"LINESTRING (139.7654704 35.67235, 139.7655139 35.6723884, 139.7663871 35.6732174, 139.7664271 35.6732562)",,,,,,,1
565362103,565362105,0,342481201,unclassified,松屋通り,True,,False,49.0331737572021,"LINESTRING (139.7654704 35.67235, 139.7657642 35.67214, 139.7658143 35.6721042, 139.76588 35.6720607)",,,,,,,1
565362105,689881123,0,342481201,unclassified,松屋通り,True,,False,6.05801516009414,"LINESTRING (139.76588 35.6720607, 139.7659316 35.6720259)",,,,,,,1
565362105,565362121,0,1026056857,trunk,中央通り,True,15,False,132.560964565671,"LINESTRING (139.76588 35.6720607, 139.7659435 35.6721221, 139.7667097 35.6728609, 139.7667496 35.6728994, 139.7668254 35.6729725)",2,50,,,,,1
565362110,565362114,0,27695604,unclassified,並木通り,True,,False,132.769624384897,"LINESTRING (139.7647511 35.6728511, 139.7647985 35.6728965, 139.7656534 35.673716, 139.7657014 35.673762)",,,,,10,,1
565362110,565362101,0,342481201,unclassified,松屋通り,True,,False,46.6566467792452,"LINESTRING (139.7647511 35.6728511, 139.764799 35.6728181, 139.7651447 35.6725794)",,,,,,,1
565362114,473470166,0,27695604,unclassified,並木通り,True,,False,128.581917480681,"LINESTRING (139.7657014 35.673762, 139.7657461 35.6738038, 139.7665862 35.6745884, 139.7666356 35.6746345)",,,,,10,,1
565362114,2882602655,0,44492916,residential,銀座マロニエ通り,True,,False,36.8782771675305,"LINESTRING (139.7657014 35.673762, 139.7656582 35.6737965, 139.7653958 35.6739818)",,,,,,,1
565362116,565362101,0,39629431,unclassified,銀座レンガ通り,True,,False,132.21642445144,"LINESTRING (139.7660882 35.6734884, 139.7660503 35.6734517, 139.7651866 35.6726167, 139.7651447 35.6725794)",,,,,,,1
565362116,565362114,0,44492916,residential,銀座マロニエ通り,True,,False,46.3298292171864,"LINESTRING (139.7660882 35.6734884, 139.7657575 35.6737208, 139.7657014 35.673762)",,,,,,,1
565362118,565362116,0,44492916,residential,銀座マロニエ通り,True,,False,40.0473345264629,"LINESTRING (139.7664271 35.6732562, 139.7660882 35.6734884)",,,,,,,1
565362118,510591086,0,207093731,residential,銀座ガス灯通り,True,,False,128.648290015087,"LINESTRING (139.7664271 35.6732562, 139.766463 35.6732901, 139.7673165 35.6740954, 139.7673563 35.674133)",,,,,,,1
565362121,304153036,0,46869644,unclassified,銀座マロニエ通り,False,,False,7.20142870039723,"LINESTRING (139.7668254 35.6729725, 139.7668881 35.6729325)",,,,,,,1
565362121,565362118,0,44492916,residential,銀座マロニエ通り,True,,False,47.8498166972709,"LINESTRING (139.7668254 35.6729725, 139.7667707 35.6730115, 139.7664271 35.6732562)",,,,,,,1
565362121,1105152920,0,1026056857,trunk,中央通り,True,15,False,128.994964102958,"LINESTRING (139.7668254 35.6729725, 139.7668828 35.6730257, 139.767658 35.6737457, 139.7677003 35.6737849, 139.7677657 35.6738456)",2,50,,,,,1
573250483,10154457637,0,1158715735,primary,晴海通り(左側の側道),True,304,False,7.76972594373864,"LINESTRING (139.7628218 35.6727294, 139.762737 35.6727411)",1,,,,,,1
588411746,1105152945,0,968060906,tertiary,銀座桜通り,False,,False,19.3540560071786,"LINESTRING (139.7723961 35.6733844, 139.7721952 35.6734449)",,,,,,,1
598438978,598438981,0,46869645,unclassified,あづま通り,True,,False,131.936783688681,"LINESTRING (139.7664669 35.6716552, 139.7665054 35.671698, 139.7671135 35.672365, 139.7673021 35.6725721, 139.7673395 35.6726065)",,30,,,,,1
598438978,1105125583,0,342481201,unclassified,松屋通り,True,,False,59.7936309306431,"LINESTRING (139.7664669 35.6716552, 139.7669174 35.6713381, 139.7669672 35.6713031)",,,,,,,1
598438981,1105125509,0,46869645,unclassified,あづま通り,True,,False,129.436884583576,"LINESTRING (139.7673395 35.6726065, 139.7673795 35.6726412, 139.7678611 35.6731563, 139.7681733 35.6734902, 139.768209 35.6735314)",,30,,,,,1
598438981,304153036,0,240392370,unclassified,銀座マロニエ通り,True,,False,54.5588540794541,"LINESTRING (139.7673395 35.6726065, 139.7670059 35.6728469, 139.7669517 35.672886, 139.7668881 35.6729325)",,,,,,,1
598438985,31255167,0,95274352,tertiary,,False,,False,22.279686868997,"LINESTRING (139.7687599 35.6716361, 139.7689546 35.6715131)",,,,,,,1
598438985,1070638617,0,4848928,primary,昭和通り,True,316,False,130.889070916641,"LINESTRING (139.7687599 35.6716361, 139.7688484 35.6717322, 139.7690293 35.6719359, 139.7694239 35.6723803, 139.7696097 35.6725895)",,,,,,,1
598438985,1105125467,0,95274316,unclassified,,True,,False,45.3339164393357,"LINESTRING (139.7687599 35.6716361, 139.7686665 35.6717008, 139.7683782 35.6719008)",,,,,,,1
598438986,1105125670,0,46869642,unclassified,,True,,False,130.990889156267,"LINESTRING (139.7680158 35.6721406, 139.7680511 35.6721825, 139.7687782 35.6730788, 139.7688153 35.6731234)",,,,,,,1
598438986,1105125227,0,240392370,unclassified,銀座マロニエ通り,True,,False,26.9580613757508,"LINESTRING (139.7680158 35.6721406, 139.7678414 35.6722553, 139.7677838 35.6722931)",,,,,,,1
689881123,598438978,0,342481201,unclassified,松屋通り,True,,False,63.5393873986875,"LINESTRING (139.7659316 35.6720259, 139.7659977 35.6719798, 139.7664669 35.6716552)",,,,,,,1
689881123,951247020,0,568498791,trunk,中央通り,True,15,False,114.149246413464,"LINESTRING (139.7659316 35.6720259, 139.7658687 35.6719656, 139.7652753 35.6713998, 139.7652342 35.6713606, 139.7651153 35.6712423)",2,50,,,,,1
835996327,1130958801,0,97685704,unclassified,,False,,True,11.2073718368761,"LINESTRING (139.7644832 35.6667727, 139.7645734 35.6668419)",,30,,,,,1
835996327,31254303,0,172598650,tertiary,中央市場通り,True,,False,46.89443208398,"LINESTRING (139.7644832 35.6667727, 139.7642211 35.6669924, 139.7641205 35.6670744)",2,,,,,,1
835996327,835996333,0,606147470,unclassified,,True,,False,70.8455138155576,"LINESTRING (139.7644832 35.6667727, 139.7644394 35.6667388, 139.7639283 35.6663225)",,30,,,,,1
835996333,1130958910,0,651701877,tertiary,銀中通り,False,,False,35.0778599791125,"LINESTRING (139.7639283 35.6663225, 139.7642079 35.6661036)",,,,,,,1
835996333,1130958813,0,651701877,tertiary,銀中通り,False,,True,28.6846287617655,"LINESTRING (139.7639283 35.6663225, 139.763705 35.6665059)",,,,,,,1
835996333,6773618244,0,606147470,unclassified,,True,,False,26.9419277333084,"LINESTRING (139.7639283 35.6663225, 139.7638879 35.66629, 139.7637185 35.6661503)",,30,,,,,1
835996338,1326673493,0,74314564,residential,,False,,True,43.421335991079,"LINESTRING (139.7711585 35.6708826, 139.7711065 35.6709173, 139.7707871 35.6711305)",,,,,,,1
835996338,835996357,0,342481198,unclassified,,True,,False,69.9358719169601,"LINESTRING (139.7711585 35.6708826, 139.7715166 35.6712253, 139.7715408 35.6713167, 139.7715631 35.6714007)",,,,,,,1
835996339,951247002,0,69963030,unclassified,,True,,False,146.725986445301,"LINESTRING (139.7683805 35.6685324, 139.7684553 35.6685903, 139.7694662 35.6694424, 139.7695107 35.66948)",,,,,,,1
835996343,31254303,0,580847357,primary,昭和通り,True,316,False,10.2556755612383,"LINESTRING (139.7642033 35.6671375, 139.7641205 35.6670744)",,,,,,,1
835996343,1130958801,0,69963044,tertiary,中央市場通り,True,,False,46.8859370941263,"LINESTRING (139.7642033 35.6671375, 139.764307 35.667053, 139.7645734 35.6668419)",2,,,,,,1
835996344,1721499195,0,4848928,primary,昭和通り,True,316,False,21.1631268560454,"LINESTRING (139.7644321 35.6675429, 139.7645904 35.6676832)",,,,,,,1
835996352,835996360,0,69963032,tertiary,銀中通り,False,,True,8.90134418510162,"LINESTRING (139.7653873 35.6661787, 139.7653149 35.6661244)",,,,,,,1
835996352,1130958313,0,69963032,tertiary,銀中通り,False,,False,119.785991225745,"LINESTRING (139.7653873 35.6661787, 139.7654392 35.6662179, 139.7662838 35.6668596, 139.7663559 35.6669144)",,,,,,,1
835996352,1130958331,0,69963044,tertiary,中央市場通り,True,,False,49.4807495670293,"LINESTRING (139.7653873 35.6661787, 139.7654488 35.6661261, 139.7657647 35.6658562)",2,,,,,,1
835996357,1326673490,0,92223190,tertiary,,False,,True,37.0505941900641,"LINESTRING (139.7715631 35.6714007, 139.7714933 35.671429, 139.7712015 35.6715579)",,,,,,,1
835996357,1105152918,0,342481198,unclassified,,True,,False,105.152184804373,"LINESTRING (139.7715631 35.6714007, 139.7715649 35.6714798, 139.7716563 35.6717832, 139.7718268 35.6723198)",,,,,,,1
835996358,2172319420,0,69963036,primary,,True,,False,91.4964054300767,"LINESTRING (139.7634626 35.6667346, 139.763287 35.6665807, 139.7631746 35.6665286, 139.7630687 35.6664513, 139.763012 35.6663431, 139.762997 35.6662615, 139.7629924 35.6661725, 139.7630093 35.6660704)",1,,,,,,1
835996358,31254276,0,271720622,primary,昭和通り,True,316,False,65.9599195347306,"LINESTRING (139.7634626 35.6667346, 139.7631012 35.6665578, 139.7628015 35.6664991)",,,,,,,1
835996358,1130958813,0,651701877,tertiary,銀中通り,False,,False,33.8603754898145,"LINESTRING (139.7634626 35.6667346, 139.7635424 35.6666288, 139.763705 35.6665059)",,,,,,,1
835996360,835996352,0,69963032,tertiary,銀中通り,False,,False,8.90134418510162,"LINESTRING (139.7653149 35.6661244, 139.7653873 35.6661787)",,,,,,,1
835996360,1130958973,0,69963032,tertiary,銀中通り,False,,True,37.8744512245341,"LINESTRING (139.7653149 35.6661244, 139.7652391 35.6660628, 139.765019 35.6658831)",,,,,,,1
835996360,1130958558,0,172598650,tertiary,中央市場通り,True,,False,69.4604335714615,"LINESTRING (139.7653149 35.6661244, 139.7652461 35.6661784, 139.764762 35.6665585)",2,,,,,,1
835996368,835996343,0,580847357,primary,昭和通り,True,316,False,50.1652972758518,"LINESTRING (139.7646037 35.6674501, 139.7642033 35.6671375)",,,,,,,1
835996371,1130958313,0,69963032,tertiary,銀中通り,False,,True,115.558094343488,"LINESTRING (139.7672855 35.6676283, 139.767193 35.6675573, 139.7668308 35.6672792, 139.7664314 35.6669723, 139.7663559 35.6669144)",,,,,,,1
835996371,1105152891,0,95277523,unclassified,銀中通り,True,,False,90.6896104506599,"LINESTRING (139.7672855 35.6676283, 139.7673637 35.6676933, 139.7679854 35.668213)",,,,,,,1
835996371,6271645596,0,240595358,unclassified,,True,,False,27.1052745076824,"LINESTRING (139.7672855 35.6676283, 139.7673476 35.667546, 139.7673721 35.6675208, 139.7674576 35.667429)",,30,,,,,1
878518740,1105152915,0,74314548,residential,木挽町通り,True,,False,74.1674639433196,"LINESTRING (139.7704955 35.6713251, 139.770011 35.6708508, 139.7699712 35.6708118)",,30,,,,,1
878518740,1326673493,0,74314564,residential,,False,,False,34.0891466132101,"LINESTRING (139.7704955 35.6713251, 139.7705261 35.6713047, 139.7707871 35.6711305)",,,,,,,1
878518740,878518784,0,74314564,residential,,False,,True,38.1767675634368,"LINESTRING (139.7704955 35.6713251, 139.7704699 35.6713423, 139.770169 35.6715431)",,,,,,,1
878518757,878518780,0,92223190,tertiary,,False,,False,38.6600600942548,"LINESTRING (139.77058 35.6719575, 139.7709132 35.6717393)",,,,,,,1
878518757,1105152884,0,74314550,residential,,True,,False,88.6083825969612,"LINESTRING (139.77058 35.6719575, 139.7706144 35.6720056, 139.7708667 35.6723315, 139.7711072 35.6726294)",,,,,,,1
878518757,1070638257,0,92223190,tertiary,,False,,True,39.9879310478496,"LINESTRING (139.77058 35.6719575, 139.770399 35.6720641, 139.7702828 35.6721395, 139.7702278 35.6721752)",,,,,,,1
878518780,1326673800,0,92223190,tertiary,,False,,False,18.2516060094887,"LINESTRING (139.7709132 35.6717393, 139.7710716 35.6716374)",,,,,,,1
878518780,878518757,0,92223190,tertiary,,False,,True,38.6600600942548,"LINESTRING (139.7709132 35.6717393, 139.77058 35.6719575)",,,,,,,1
878518780,878518740,0,74314548,residential,木挽町通り,True,,False,59.5534912291377,"LINESTRING (139.7709132 35.6717393, 139.770867 35.6716875, 139.7704955 35.6713251)",,30,,,,,1
878518784,878518757,0,74314550,residential,,True,,False,59.1748904254296,"LINESTRING (139.770169 35.6715431, 139.7705316 35.6719083, 139.77058 35.6719575)",,,,,,,1
878518784,878518740,0,74314564,residential,,False,,False,38.1767675634368,"LINESTRING (139.770169 35.6715431, 139.7704699 35.6713423, 139.7704955 35.6713251)",,,,,,,1
878518784,1105152917,0,74314564,residential,,False,,True,39.060080831632,"LINESTRING (139.770169 35.6715431, 139.7698743 35.6717398, 139.7698349 35.6717661)",,,,,,,1
951246993,1130958577,0,81610534,residential,,True,,False,67.8486294524555,"LINESTRING (139.7686619 35.6701092, 139.768699 35.6701437, 139.7691558 35.6705689)",,,,,,,1
951246993,1105152954,0,342481201,unclassified,松屋通り,True,,False,32.103488511846,"LINESTRING (139.7686619 35.6701092, 139.768856 35.6699661, 139.7689251 35.6699152)",,,,,,,1
951246999,258071906,0,568498790,primary,晴海通り,True,304,False,7.41263954797732,"LINESTRING (139.7650292 35.6711566, 139.7649681 35.6712011)",3,,,,,,1
951246999,473462993,0,538982927,trunk,中央通り,True,15,False,128.011613947843,"LINESTRING (139.7650292 35.6711566, 139.7649184 35.6710464, 139.7642094 35.6703828, 139.7641697 35.6703456, 139.7641027 35.6702856)",2,50,,,,,1
951247002,31254351,0,342481196,unclassified,,True,,False,29.0728096560018,"LINESTRING (139.7695107 35.66948, 139.7695669 35.6695242, 139.769742 35.6696618)",,,,,,,1
951247020,951246999,0,1090618167,trunk,中央通り,True,15,False,12.3004493640477,"LINESTRING (139.7651153 35.6712423, 139.7650292 35.6711566)",2,50,,,,,1
951247020,951247036,0,539237084,primary,晴海通り,True,304,False,63.2992118721813,"LINESTRING (139.7651153 35.6712423, 139.7652171 35.6711625, 139.7656287 35.6708549)",3,,,,,,1
951247022,1105152917,0,240392347,unclassified,木挽町仲通り,True,,False,72.944749586556,"LINESTRING (139.7693324 35.6712526, 139.7693753 35.6712944, 139.7698349 35.6717661)",,,,,,,1
951247022,31255167,0,342481197,tertiary,,True,,False,44.7631804260332,"LINESTRING (139.7693324 35.6712526, 139.7690374 35.6714555, 139.7689546 35.6715131)",,,,,,,1
951247032,951246993,0,342481201,unclassified,松屋通り,True,,False,32.4982301118132,"LINESTRING (139.7683947 35.6703049, 139.7686619 35.6701092)",,,,,,,1
951247032,1130958499,0,81610536,residential,,True,,False,67.161680355051,"LINESTRING (139.7683947 35.6703049, 139.7684328 35.6703422, 139.7688644 35.6707731)",,,,,,,1
951247034,951247022,0,342481197,tertiary,,True,,False,37.9742856803752,"LINESTRING (139.769651 35.6710298, 139.7693324 35.6712526)",,,,,,,1
951247034,878518784,0,74314550,residential,,True,,False,73.8053882429416,"LINESTRING (139.769651 35.6710298, 139.7696942 35.6710721, 139.770169 35.6715431)",,,,,,,1
951247035,1130958846,0,342481197,tertiary,,True,,False,38.356003073679,"LINESTRING (139.7705957 35.6703701, 139.7705255 35.6704213, 139.7702797 35.6706005)",,,,,,,1
951247035,835996338,0,342481198,unclassified,,True,,False,76.3689480481427,"LINESTRING (139.7705957 35.6703701, 139.7706597 35.6704283, 139.7711585 35.6708826)",,,,,,,1
951247036,254367451,0,539237084,primary,晴海通り,True,304,False,61.7310732800965,"LINESTRING (139.7656287 35.6708549, 139.7661214 35.6704702)",3,,,,,,1
951247036,598438978,0,"[723856283, 723856284, 46869645]",unclassified,あづま通り,True,,False,116.846994192862,"LINESTRING (139.7656287 35.6708549, 139.7657006 35.6709208, 139.7658334 35.6710466, 139.766052 35.6712531, 139.7664272 35.6716156, 139.7664669 35.6716552)",,30,,,,,1
951247044,1105125170,0,342481201,unclassified,松屋通り,True,,False,39.446877848313,"LINESTRING (139.7672162 35.6711382, 139.7675576 35.670917)",,,,,,,1
951247044,598438986,0,46869642,unclassified,,True,,False,132.818832059328,"LINESTRING (139.7672162 35.6711382, 139.7672494 35.6711799, 139.7679865 35.672104, 139.7680158 35.6721406)",,,,,,,1
1070638135,31255167,0,69963039,primary,昭和通り,True,316,False,131.344584369734,"LINESTRING (139.7698143 35.6724657, 139.7694246 35.6720355, 139.7690426 35.6716144, 139.7689546 35.6715131)",,,,,,,1
1070638135,1070638257,0,92223190,tertiary,,False,,False,49.3821473089654,"LINESTRING (139.7698143 35.6724657, 139.7698966 35.672408, 139.7701823 35.672207, 139.7702278 35.6721752)",,,,,,,1
1070638168,1070638350,0,968060908,tertiary,銀座桜通り,False,,False,7.8042968243127,"LINESTRING (139.7708222 35.673823, 139.7707411 35.6738472)",,,,,,,1
1070638168,1070638476,0,968060911,tertiary,銀座桜通り,False,,True,7.33765083712828,"LINESTRING (139.7708222 35.673823, 139.7708982 35.6737997)",,,,,,,1
1070638231,1070638168,0,760779955,primary,昭和通り,True,316,False,31.7452950073404,"LINESTRING (139.7705864 35.673615, 139.7707116 35.6736966, 139.7707626 35.6737528, 139.7708222 35.673823)",,,,,,,1
1070638231,1070638350,0,1245989820,primary,昭和通り,True,316,False,29.5478398758397,"LINESTRING (139.7705864 35.673615, 139.7706438 35.6737324, 139.7706836 35.6737769, 139.7707411 35.6738472)",,,,,,,1
1070638257,878518757,0,92223190,tertiary,,False,,False,39.9879310478496,"LINESTRING (139.7702278 35.6721752, 139.7702828 35.6721395, 139.770399 35.6720641, 139.77058 35.6719575)",,,,,,,1
1070638257,1070638135,0,92223190,tertiary,,False,,True,49.3821473089654,"LINESTRING (139.7702278 35.6721752, 139.7701823 35.672207, 139.7698966 35.672408, 139.7698143 35.6724657)",,,,,,,1
1070638257,1105125657,0,240392347,unclassified,木挽町仲通り,True,,False,111.793537139398,"LINESTRING (139.7702278 35.6721752, 139.7702862 35.6722326, 139.7709709 35.6729238, 139.7710047 35.6729578)",,,,,,,1
1070638350,5110457574,0,23489017,primary,昭和通り,True,316,False,46.8520531774832,"LINESTRING (139.7707411 35.6738472, 139.7709807 35.6742209)",,,,,,,1
1070638350,1070638168,0,968060908,tertiary,銀座桜通り,False,,True,7.8042968243127,"LINESTRING (139.7707411 35.6738472, 139.7708222 35.673823)",,,,,,,1
1070638350,31255183,0,968060910,tertiary,銀座桜通り,False,,False,63.3826763182363,"LINESTRING (139.7707411 35.6738472, 139.7706103 35.673891, 139.7705546 35.6739096, 139.7701426 35.6740474, 139.7700922 35.6740641)",,,,,,,1
1070638366,1070638476,0,229878534,tertiary,銀座桜通り,False,,False,7.65648853611545,"LINESTRING (139.7709796 35.6737805, 139.7708982 35.6737997)",,,,,,,1
1070638366,31255186,0,968060907,tertiary,銀座桜通り,False,,True,56.3424318580959,"LINESTRING (139.7709796 35.6737805, 139.7710997 35.6737583, 139.7711684 35.6737452, 139.7713328 35.6737138, 139.7715151 35.6736807, 139.7715876 35.6736674)",,,,,,,1
1070638366,11583657070,0,1245989822,primary,昭和通り,True,316,False,31.0429731216216,"LINESTRING (139.7709796 35.6737805, 139.7709136 35.6737094, 139.7707427 35.6735795)",,,,,,,1
1070638476,1070638366,0,229878534,tertiary,銀座桜通り,False,,True,7.65648853611545,"LINESTRING (139.7708982 35.6737997, 139.7709796 35.6737805)",,,,,,,1
1070638476,1070638168,0,968060911,tertiary,銀座桜通り,False,,False,7.33765083712828,"LINESTRING (139.7708982 35.6737997, 139.7708222 35.673823)",,,,,,,1
1070638476,11583657070,0,968060912,primary,昭和通り,True,316,False,28.2797989451891,"LINESTRING (139.7708982 35.6737997, 139.7708398 35.6737315, 139.7707427 35.6735795)",,,,,,,1
1070638565,1715779074,0,580847357,primary,昭和通り,True,316,False,65.9975361463998,"LINESTRING (139.7661765 35.6686931, 139.7660751 35.6686117, 139.7658634 35.6684415, 139.7656626 35.6682713)",,,,,,,1
1070638565,1130958386,0,680788592,unclassified,みゆき通り,True,,False,47.4516245732471,"LINESTRING (139.7661765 35.6686931, 139.7662519 35.6686184, 139.7665094 35.668363)",,30,,,,,1
1070638575,1070638565,0,680788592,unclassified,みゆき通り,True,,False,20.6484907031552,"LINESTRING (139.766018 35.6688269, 139.7661765 35.6686931)",,30,,,,,1
1070638575,31254305,0,4848928,primary,昭和通り,True,316,False,122.373359204518,"LINESTRING (139.766018 35.6688269, 139.7661138 35.6689154, 139.7662027 35.6689974, 139.766817 35.6695049, 139.7669344 35.6696354)",,,,,,,1
1070638617,11583657069,0,4848928,primary,昭和通り,True,316,False,66.1934804291386,"LINESTRING (139.7696097 35.6725895, 139.7699041 35.672901, 139.7700823 35.6730427)",,,,,,,1
1105125075,499185613,0,968060910,tertiary,銀座桜通り,False,,True,37.736070274886,"LINESTRING (139.7692171 35.6745584, 139.7695383 35.6743414)",,,,,,,1
1105125075,499185615,0,"[1070720648, 968060910]",tertiary,銀座桜通り,False,,False,41.6417486383506,"LINESTRING (139.7692171 35.6745584, 139.7690152 35.6746897, 139.7689585 35.6747266, 139.7688353 35.6747596)",,,,,,,1
1105125140,1105125645,0,95274341,unclassified,,True,,False,32.597076870584,"LINESTRING (139.7662319 35.6705739, 139.7662764 35.670545, 139.7663328 35.6705167, 139.7664152 35.6705042, 139.7665212 35.6704839, 139.7665591 35.6704644)",,,,,,,1
1105125140,254367451,0,723855277,unclassified,銀座三原通り,True,,False,15.2517681762387,"LINESTRING (139.7662319 35.6705739, 139.7661879 35.6705335, 139.7661214 35.6704702)",,,,,,,1
1105125170,31254307,0,342481201,unclassified,松屋通り,True,,False,39.6771751123423,"LINESTRING (139.7675576 35.670917, 139.7678018 35.6707363, 139.7678823 35.6706767)",,,,,,,1
1105125170,1105125515,0,856631371,unclassified,,True,,False,128.027428008596,"LINESTRING (139.7675576 35.670917, 139.7675009 35.6708617, 139.7667633 35.6701417, 139.7667179 35.6700973, 139.766651 35.670032)",1,30,,,,,1
1105125191,565362081,0,39520581,unclassified,銀座コリドー通り,True,,False,109.54362137137,"LINESTRING (139.7591657 35.6694045, 139.7592018 35.6694727, 139.7596803 35.6702965)",,,,,,,1
1105125191,260426062,0,240595359,tertiary,,False,,False,20.9068913556741,"LINESTRING (139.7591657 35.6694045, 139.7592333 35.6693961, 139.7593544 35.6693074)",2,,,,,,1
1105125227,1105125583,0,95274326,unclassified,銀座三原通り,True,,False,132.514471867454,"LINESTRING (139.7677838 35.6722931, 139.7677498 35.67225, 139.7670108 35.6713542, 139.7669672 35.6713031)",,,,,,,1
1105125227,598438981,0,240392370,unclassified,銀座マロニエ通り,True,,False,53.1522308988897,"LINESTRING (139.7677838 35.6722931, 139.7677091 35.6723458, 139.7673395 35.6726065)",,,,,,,1
1105125307,1105125515,0,539237084,primary,晴海通り,True,304,False,15.0830635868535,"LINESTRING (139.7665353 35.6701298, 139.766651 35.670032)",3,,,,,,1
1105125419,1105125628,0,157296623,unclassified,,True,,False,64.2680419470426,"LINESTRING (139.7719144 35.6726051, 139.771851 35.6726561, 139.7712791 35.6728553)",,,,,,,1
1105125419,1105152945,0,342481198,unclassified,,True,,False,96.7724781788234,"LINESTRING (139.7719144 35.6726051, 139.7719298 35.6726512, 139.7721022 35.6731476, 139.7721761 35.6733838, 139.7721952 35.6734449)",,,,,,,1
1105125467,598438986,0,95274316,unclassified,,True,,False,42.2214566765195,"LINESTRING (139.7683782 35.6719008, 139.7680158 35.6721406)",,,,,,,1
1105125467,1105125170,0,856631371,unclassified,,True,,False,132.142821085255,"LINESTRING (139.7683782 35.6719008, 139.7683367 35.671851, 139.767597 35.6709641, 139.7675576 35.670917)",1,30,,,,,1
1105125486,2153861395,0,1245989824,primary,昭和通り,True,316,False,33.8251294589201,"LINESTRING (139.7704019 35.6731988, 139.7701875 35.6729494)",,,,,,,1
1105125509,1105125075,0,46869645,unclassified,あづま通り,True,,False,146.063692316117,"LINESTRING (139.768209 35.6735314, 139.7682464 35.6735728, 139.7691723 35.6745119, 139.7692171 35.6745584)",,30,,,,,1
1105125509,1105125539,0,95277526,unclassified,銀座柳通り,True,,False,41.4184325077452,"LINESTRING (139.768209 35.6735314, 139.7685168 35.6733229, 139.768561 35.6732927)",,,,,,,1
1105125515,31254306,0,539237084,primary,晴海通り,True,304,False,47.5496333017926,"LINESTRING (139.766651 35.670032, 139.76691 35.6698214, 139.7670179 35.6697255)",3,,,,,,1
1105125516,1105125707,0,968060910,tertiary,銀座桜通り,False,,False,10.518241942391,"LINESTRING (139.7697946 35.6742092, 139.7696956 35.674259)",,,,,,,1
1105125516,31255183,0,968060910,tertiary,銀座桜通り,False,,True,31.3521261000857,"LINESTRING (139.7697946 35.6742092, 139.7700395 35.6740898, 139.7700922 35.6740641)",,,,,,,1
1105125539,1105125227,0,95274326,unclassified,銀座三原通り,True,,False,131.465592817471,"LINESTRING (139.768561 35.6732927, 139.7685169 35.673236, 139.7678256 35.6723463, 139.7677838 35.6722931)",,,,,,,1
1105125539,1105125670,0,95277526,unclassified,銀座柳通り,True,,False,29.6994348393498,"LINESTRING (139.768561 35.6732927, 139.7686257 35.6732496, 139.7688153 35.6731234)",,,,,,,1
1105125583,1105125140,0,"[723855277, 95274326]",unclassified,銀座三原通り,True,,False,104.817831192943,"LINESTRING (139.7669672 35.6713031, 139.7669167 35.6712509, 139.7665489 35.6708893, 139.7663141 35.6706557, 139.7662319 35.6705739)",,,,,,,1
1105125583,951247044,0,342481201,unclassified,松屋通り,True,,False,29.0195566568084,"LINESTRING (139.7669672 35.6713031, 139.7670324 35.6712599, 139.7672162 35.6711382)",,,,,,,1
1105125625,475008839,0,4848930,tertiary,御門通り,True,,False,51.1236760162627,"LINESTRING (139.7611885 35.6676284, 139.7611157 35.6676534, 139.7606628 35.6677986)",,,,,,,1
1105125625,31254332,0,196380141,trunk,中央通り,True,15,False,136.380804781354,"LINESTRING (139.7611885 35.6676284, 139.7612743 35.6677031, 139.7620948 35.6684587, 139.7621276 35.6684889, 139.7621899 35.6685462)",2,50,,,,,1
1105125628,1105125657,0,157296623,unclassified,,True,,False,27.281646305478,"LINESTRING (139.7712791 35.6728553, 139.7710559 35.672939, 139.7710047 35.6729578)",,,,,,,1
1105125645,951247044,0,46869642,unclassified,,True,,False,95.6288470552232,"LINESTRING (139.7665591 35.6704644, 139.7666493 35.6705433, 139.7671744 35.6710943, 139.7672162 35.6711382)",,,,,,,1
1105125645,1105125307,0,95274341,unclassified,,True,,False,42.3535517012986,"LINESTRING (139.7665591 35.6704644, 139.7666125 35.6704001, 139.7666418 35.6702853, 139.7666269 35.6702084, 139.766603 35.6701875, 139.7665353 35.6701298)",,,,,,,1
1105125657,1105125486,0,157296623,unclassified,,True,,False,60.6991957485377,"LINESTRING (139.7710047 35.6729578, 139.7709596 35.6729785, 139.770766 35.6730546, 139.770534 35.6731443, 139.7704019 35.6731988)",,,,,,,1
1105125657,31255186,0,240392347,unclassified,木挽町仲通り,True,,False,94.8594215423936,"LINESTRING (139.7710047 35.6729578, 139.7710409 35.6730007, 139.7715213 35.6735863, 139.7715876 35.6736674)",,,,,,,1
1105125670,1105125749,0,95277526,unclassified,銀座柳通り,True,,False,40.7487708560997,"LINESTRING (139.7688153 35.6731234, 139.7691653 35.6728922)",,,,,,,1
1105125670,1105125516,0,46869642,unclassified,,True,,False,149.673904155996,"LINESTRING (139.7688153 35.6731234, 139.7688507 35.6731619, 139.7697642 35.6741755, 139.7697946 35.6742092)",,,,,,,1
1105125707,499185613,0,968060910,tertiary,銀座桜通り,False,,False,16.9067631124954,"LINESTRING (139.7696956 35.674259, 139.7695383 35.6743414)",,,,,,,1
1105125707,1105125516,0,968060910,tertiary,銀座桜通り,False,,True,10.518241942391,"LINESTRING (139.7696956 35.674259, 139.7697946 35.6742092)",,,,,,,1
1105125749,1070638617,0,95277526,unclassified,銀座柳通り,True,,False,52.3866770723152,"LINESTRING (139.7691653 35.6728922, 139.7695194 35.672651, 139.7696097 35.6725895)",,,,,,,1
1105125749,1105125467,0,856631371,unclassified,,True,,False,131.183199173481,"LINESTRING (139.7691653 35.6728922, 139.769123 35.6728404, 139.7689604 35.6726411, 139.7685978 35.6721758, 139.7684163 35.6719485, 139.7683782 35.6719008)",1,30,,,,,1
1105152856,1105152881,0,1070720646,tertiary,銀座桜通り,False,,False,42.5564633468446,"LINESTRING (139.7681998 35.6749414, 139.7680101 35.6749982, 139.7677584 35.6750752)",2,,,,,,1
1105152856,258071908,0,"[1070720649, 1070720646]",tertiary,銀座桜通り,False,,True,53.1054209094128,"LINESTRING (139.7681998 35.6749414, 139.7685452 35.6748397, 139.7686367 35.6748128, 139.7687537 35.6747814)",2,,,,,,1
1105152881,499185617,0,690198421,tertiary,銀座桜通り,False,,False,24.0253742280232,"LINESTRING (139.7677584 35.6750752, 139.7675105 35.6751535)",,,,,,,1
1105152881,510591085,0,39629431,unclassified,銀座レンガ通り,True,,False,103.289170371455,"LINESTRING (139.7677584 35.6750752, 139.7677125 35.6750329, 139.767057 35.6744029, 139.7670192 35.6743665)",,,,,,,1
1105152881,1105152856,0,1070720646,tertiary,銀座桜通り,False,,True,42.5564633468446,"LINESTRING (139.7677584 35.6750752, 139.7680101 35.6749982, 139.7681998 35.6749414)",2,,,,,,1
1105152884,1105125628,0,74314550,residential,,True,,False,29.5309310857563,"LINESTRING (139.7711072 35.6726294, 139.7712791 35.6728553)",,,,,,,1
1105152891,1105152927,0,95277523,unclassified,銀中通り,True,,False,38.0130513331018,"LINESTRING (139.7679854 35.668213, 139.7682071 35.6683996, 139.7682776 35.668459)",,,,,,,1
1105152894,1105125509,0,95277526,unclassified,銀座柳通り,True,,False,46.3676166245891,"LINESTRING (139.7678195 35.673803, 139.7678729 35.6737653, 139.768209 35.6735314)",,,,,,,1
1105152894,304153036,0,568498791,trunk,中央通り,True,15,False,128.24871714909,"LINESTRING (139.7678195 35.673803, 139.7677581 35.6737456, 139.7669812 35.6730196, 139.7669418 35.6729827, 139.7668881 35.6729325)",2,50,,,,,1
1105152915,1130958954,0,74314548,residential,木挽町通り,True,,False,70.7978707670309,"LINESTRING (139.7699712 35.6708118, 139.7699166 35.6707657, 139.7694274 35.6703533)",,30,,,,,1
1105152915,951247034,0,342481197,tertiary,,True,,False,37.7389756190196,"LINESTRING (139.7699712 35.6708118, 139.7699203 35.6708464, 139.769651 35.6710298)",,,,,,,1
1105152917,878518784,0,74314564,residential,,False,,False,39.060080831632,"LINESTRING (139.7698349 35.6717661, 139.7698743 35.6717398, 139.770169 35.6715431)",,,,,,,1
1105152917,1070638257,0,240392347,unclassified,木挽町仲通り,True,,False,57.6973216064674,"LINESTRING (139.7698349 35.6717661, 139.7701816 35.6721278, 139.7702278 35.6721752)",,,,,,,1
1105152918,1326673799,0,97685664,residential,,True,,False,18.5107241894529,"LINESTRING (139.7718268 35.6723198, 139.7716457 35.6723977)",,,,,,,1
1105152918,1105125419,0,342481198,unclassified,,True,,False,32.6959446002065,"LINESTRING (139.7718268 35.6723198, 139.7719039 35.6725709, 139.7719144 35.6726051)",,,,,,,1
1105152920,1105152894,0,95277526,unclassified,銀座柳通り,True,,False,6.78639671208307,"LINESTRING (139.7677657 35.6738456, 139.7678195 35.673803)",,,,,,,1
1105152920,258071908,0,1026056857,trunk,中央通り,True,15,False,137.087263715515,"LINESTRING (139.7677657 35.6738456, 139.767824 35.6739006, 139.7686091 35.6746412, 139.7686536 35.6746835, 139.7687537 35.6747814)",2,50,,,,,1
1105152922,2135828675,0,690198420,tertiary,銀座桜通り,False,,False,67.079612814905,"LINESTRING (139.7667528 35.6753916, 139.766179 35.6755605, 139.7660545 35.6755969)",,,,,,,1
1105152922,473470198,0,690198420,tertiary,銀座桜通り,False,,True,48.0060433317254,"LINESTRING (139.7667528 35.6753916, 139.7671348 35.6752716, 139.7672485 35.6752359)",,,,,,,1
1105152927,835996339,0,95277523,unclassified,銀中通り,True,,False,12.3701309332281,"LINESTRING (139.7682776 35.668459, 139.7683805 35.6685324)",,,,,,,1
1105152927,1130958355,0,172598640,primary,晴海通り,True,304,False,68.8164656706711,"LINESTRING (139.7682776 35.668459, 139.768177 35.6685506, 139.767771 35.6689212)",3,,,,,,1
1105152945,588411746,0,968060906,tertiary,銀座桜通り,False,,True,19.3540560071786,"LINESTRING (139.7721952 35.6734449, 139.7723961 35.6733844)",,,,,,,1
1105152945,31255186,0,968060906,tertiary,銀座桜通り,False,,False,60.2029678229294,"LINESTRING (139.7721952 35.6734449, 139.7716464 35.6736459, 139.7715876 35.6736674)",,,,,,,1
1105152951,473470166,0,95277526,unclassified,銀座柳通り,True,,False,46.169486928535,"LINESTRING (139.7662507 35.6749077, 139.7665637 35.6746855, 139.7666356 35.6746345)",,,,,,,1
1105152951,1105152922,0,95277528,unclassified,,True,,False,70.4051815979257,"LINESTRING (139.7662507 35.6749077, 139.7662931 35.6749406, 139.7667123 35.6753513, 139.7667528 35.6753916)",,,,,,,1
1105152954,1130958668,0,342481201,unclassified,松屋通り,True,,False,6.45690764715837,"LINESTRING (139.7689251 35.6699152, 139.7689785 35.6698766)",,,,,,,1
1130958290,1130958685,0,97685613,tertiary,演舞場通り,False,,True,34.6631838697076,"LINESTRING (139.7657884 35.6673885, 139.7655184 35.66761)",,,,,,,1
1130958290,1130958313,0,97685613,tertiary,演舞場通り,False,,False,73.5348010592485,"LINESTRING (139.7657884 35.6673885, 139.7658406 35.667345, 139.7658837 35.6673089, 139.7662907 35.6669689, 139.7663559 35.6669144)",,,,,,,1
1130958290,1130958573,0,97685638,unclassified,木挽町通り,True,,False,121.060049735876,"LINESTRING (139.7657884 35.6673885, 139.765742 35.6673583, 139.7648906 35.6666613, 139.7648386 35.6666209)",,,,,,,1
1130958305,31254315,0,895804511,tertiary,御門通り,True,,False,16.0410337255154,"LINESTRING (139.7625203 35.6669309, 139.7624881 35.6669999, 139.7624478 35.6670623)",,,,,,,1
1130958313,835996371,0,69963032,tertiary,銀中通り,False,,False,115.558094343488,"LINESTRING (139.7663559 35.6669144, 139.7664314 35.6669723, 139.7668308 35.6672792, 139.767193 35.6675573, 139.7672855 35.6676283)",,,,,,,1
1130958313,835996352,0,69963032,tertiary,銀中通り,False,,True,119.785991225745,"LINESTRING (139.7663559 35.6669144, 139.7662838 35.6668596, 139.7654392 35.6662179, 139.7653873 35.6661787)",,,,,,,1
1130958313,1130958745,0,97685613,tertiary,演舞場通り,False,,False,47.0120197338383,"LINESTRING (139.7663559 35.6669144, 139.7664072 35.666869, 139.7667079 35.666603)",,,,,,,1
1130958313,1130958290,0,97685613,tertiary,演舞場通り,False,,True,73.5348010592485,"LINESTRING (139.7663559 35.6669144, 139.7662907 35.6669689, 139.7658837 35.6673089, 139.7658406 35.667345, 139.7657884 35.6673885)",,,,,,,1
1130958355,1130958663,0,172598640,primary,晴海通り,True,304,False,38.2658402641771,"LINESTRING (139.767771 35.6689212, 139.7674799 35.6691712)",3,,,,,,1
1130958355,1130958646,0,97685638,unclassified,木挽町通り,True,,False,126.327163976623,"LINESTRING (139.767771 35.6689212, 139.7676893 35.6688522, 139.7668493 35.6681534, 139.7667936 35.6681087)",,,,,,,1
1130958386,1130958663,0,97685764,residential,,True,,False,125.549469241735,"LINESTRING (139.7665094 35.668363, 139.7665589 35.6684025, 139.7674122 35.6691147, 139.7674799 35.6691712)",,,,,,,1
1130958386,1130958646,0,680788592,unclassified,みゆき通り,True,,False,38.1930341905937,"LINESTRING (139.7665094 35.668363, 139.766757 35.6681416, 139.7667936 35.6681087)",,30,,,,,1
1130958407,1130958618,0,895804510,tertiary,御門通り,True,,False,35.0013385069168,"LINESTRING (139.7620234 35.6673438, 139.7616647 35.6674628)",,,,,,,1
1130958426,1130958305,0,44049166,unclassified,,True,,False,112.393390935075,"LINESTRING (139.7634333 35.6676175, 139.7633879 35.6675858, 139.7632958 35.6675161, 139.7625927 35.6669846, 139.7625203 35.6669309)",1,,,,,,1
1130958426,31254298,0,97685754,unclassified,花椿通り,True,,False,66.9088952661836,"LINESTRING (139.7634333 35.6676175, 139.7635554 35.6675161, 139.7638585 35.6672644, 139.7639483 35.6671851)",,30,,,,,1
1130958431,951247035,0,342481196,unclassified,,True,,False,73.9702440693409,"LINESTRING (139.7700151 35.669901, 139.7705505 35.6703339, 139.7705957 35.6703701)",,,,,,,1
1130958441,475010342,0,539237086,primary,晴海通り,True,304,False,73.1634661616695,"LINESTRING (139.7666067 35.6699099, 139.7660409 35.6703807)",3,,,,,,1
1130958441,1130958464,0,44049166,unclassified,,True,,False,14.4272910923392,"LINESTRING (139.7666067 35.6699099, 139.7665621 35.6699167, 139.766524 35.6699142, 139.7664841 35.6698978, 139.7664615 35.6698801)",1,,,,,,1
1130958459,1130958918,0,97685614,residential,,False,,False,106.03794952387,"LINESTRING (139.7687457 35.6696828, 139.7687004 35.669714, 139.7679383 35.6702731, 139.7678722 35.6703198)",,,,,,,1
1130958459,1130958517,0,97685780,unclassified,木挽町通り,True,,False,110.694397198903,"LINESTRING (139.7687457 35.6696828, 139.7679513 35.6690153, 139.7678896 35.6689708)",,,,,,,1
1130958464,559979730,0,44049166,unclassified,,True,,False,107.93706820666,"LINESTRING (139.7664615 35.6698801, 139.7656388 35.6692615, 139.7655843 35.669221)",1,,,,,,1
1130958464,1130958964,0,97685763,unclassified,,True,,False,43.8960148786695,"LINESTRING (139.7664615 35.6698801, 139.7664315 35.6698783, 139.7664063 35.6698832, 139.7663265 35.6699547, 139.7662605 35.669968, 139.7660245 35.6700155)",,,,,,,1
1130958499,1130958577,0,97685654,residential,,True,,False,34.7629796822892,"LINESTRING (139.7688644 35.6707731, 139.7691558 35.6705689)",,,,,,,1
1130958499,951247022,0,81610536,residential,,True,,False,68.0445946545247,"LINESTRING (139.7688644 35.6707731, 139.7692934 35.671212, 139.7693324 35.6712526)",,,,,,,1
1130958517,1130958893,0,269150840,primary,晴海通り,True,304,False,34.0297455794436,"LINESTRING (139.7678896 35.6689708, 139.7681347 35.6687384)",3,,,,,,1
1130958520,1891432787,0,39629550,unclassified,交詢社通り,True,,False,49.5281582727494,"LINESTRING (139.7635777 35.6691077, 139.7632667 35.6693245, 139.7632203 35.6693569, 139.7631623 35.6693984)",,,,,,,1
1130958522,1130958558,0,97685642,unclassified,木挽町通り,True,,False,36.0801216317395,"LINESTRING (139.7644814 35.6663276, 139.7647085 35.6665139, 139.764762 35.6665585)",,,,,,,1
1130958543,565362110,0,27695604,unclassified,並木通り,True,,False,49.029386269965,"LINESTRING (139.7643949 35.6725184, 139.7647056 35.6728086, 139.7647511 35.6728511)",,,,,10,,1
1130958543,2135828653,0,97685625,residential,,True,,False,64.4581417948852,"LINESTRING (139.7643949 35.6725184, 139.7643576 35.6725443, 139.7639219 35.6728463, 139.763852 35.6728946)",,,,,,,1
1130958546,1130958426,0,97685754,unclassified,花椿通り,True,,False,33.6404816729053,"LINESTRING (139.7631742 35.6678348, 139.7634333 35.6676175)",,30,,,,,1
1130958546,559359763,0,43988828,unclassified,,True,,False,131.238544703218,"LINESTRING (139.7631742 35.6678348, 139.7632089 35.6678633, 139.7641764 35.668611, 139.7642258 35.6686491)",,,,,,,1
1130958558,1130958573,0,97685673,unclassified,木挽町通り,False,,True,9.79939668092817,"LINESTRING (139.764762 35.6665585, 139.7648386 35.6666209)",,,,,,,1
1130958558,835996327,0,172598650,tertiary,中央市場通り,True,,False,34.6646061417313,"LINESTRING (139.764762 35.6665585, 139.7644832 35.6667727)",2,,,,,,1
1130958573,1130958558,0,97685673,unclassified,木挽町通り,False,,False,9.79939668092817,"LINESTRING (139.7648386 35.6666209, 139.764762 35.6665585)",,,,,,,1
1130958573,835996352,0,69963044,tertiary,中央市場通り,True,,False,69.8194588226883,"LINESTRING (139.7648386 35.6666209, 139.7650119 35.6664813, 139.7653163 35.6662362, 139.7653873 35.6661787)",2,,,,,,1
1130958577,951247034,0,81610534,residential,,True,,False,68.0262090802014,"LINESTRING (139.7691558 35.6705689, 139.76961 35.6709916, 139.769651 35.6710298)",,,,,,,1
1130958577,1130958954,0,97685654,residential,,True,,False,34.3027493304727,"LINESTRING (139.7691558 35.6705689, 139.7693951 35.6703791, 139.7694274 35.6703533)",,,,,,,1
1130958590,1130958520,0,97685619,unclassified,信楽通り,True,,False,128.991381860882,"LINESTRING (139.7626046 35.6682588, 139.7626449 35.6682928, 139.7635346 35.6690671, 139.7635777 35.6691077)",,,,,,,1
1130958590,1130958758,0,97685754,unclassified,花椿通り,True,,False,38.4744785986463,"LINESTRING (139.7626046 35.6682588, 139.7628674 35.6680741, 139.7629257 35.6680315)",,30,,,,,1
1130958602,1130958520,0,39629550,unclassified,交詢社通り,True,,False,46.5468466089173,"LINESTRING (139.763967 35.6688335, 139.7639116 35.6688746, 139.7635777 35.6691077)",,,,,,,1
1130958602,1130958758,0,97685728,unclassified,銀座三原通り,True,,False,129.620027043107,"LINESTRING (139.763967 35.6688335, 139.7639088 35.6687895, 139.7629709 35.6680662, 139.7629257 35.6680315)",,,,,,,1
1130958618,1130958590,0,97685619,unclassified,信楽通り,True,,False,122.659444709892,"LINESTRING (139.7616647 35.6674628, 139.761721 35.6675148, 139.7625597 35.6682215, 139.7626046 35.6682588)",,,,,,,1
1130958618,499185790,0,895804510,tertiary,御門通り,True,,False,39.1976822031403,"LINESTRING (139.7616647 35.6674628, 139.7614416 35.6675423, 139.7613568 35.6675725, 139.761266 35.6676018)",,,,,,,1
1130958629,1130958431,0,97685654,residential,,True,,False,35.865323620814,"LINESTRING (139.7697322 35.6701273, 139.7699776 35.6699301, 139.7700151 35.669901)",,,,,,,1
1130958629,1130958846,0,97685692,residential,,True,,False,72.2129648580995,"LINESTRING (139.7697322 35.6701273, 139.7702327 35.6705589, 139.7702797 35.6706005)",,,,,,,1
1130958646,1715778976,0,97685638,unclassified,木挽町通り,True,,False,63.8341574658809,"LINESTRING (139.7667936 35.6681087, 139.7667396 35.6680629, 139.7662667 35.6677265)",,,,,,,1
1130958646,835996371,0,680788592,unclassified,みゆき通り,True,,False,69.4843977366204,"LINESTRING (139.7667936 35.6681087, 139.7668343 35.6680689, 139.7672193 35.6676929, 139.7672855 35.6676283)",,30,,,,,1
1130958649,31254311,0,69963039,primary,昭和通り,True,316,False,63.9565882083589,"LINESTRING (139.7684933 35.6710077, 139.7681743 35.6706519, 139.7680771 35.6705424)",,,,,,,1
1130958649,1130958499,0,97685654,residential,,True,,False,42.4780113082899,"LINESTRING (139.7684933 35.6710077, 139.7685632 35.6709651, 139.7688644 35.6707731)",,,,,,,1
1130958663,31254309,0,172598640,primary,晴海通り,True,304,False,48.1952793480466,"LINESTRING (139.7674799 35.6691712, 139.7672296 35.6693859, 139.7671133 35.6694861)",3,,,,,,1
1130958668,1130958459,0,97685780,unclassified,木挽町通り,True,,False,30.1103847303076,"LINESTRING (139.7689785 35.6698766, 139.7689212 35.6698289, 139.7687457 35.6696828)",,,,,,,1
1130958668,1130958799,0,342481201,unclassified,松屋通り,True,,False,32.0024193375612,"LINESTRING (139.7689785 35.6698766, 139.7690105 35.6698535, 139.7692434 35.6696855)",,,,,,,1
1130958685,1130958290,0,97685613,tertiary,演舞場通り,False,,False,34.6631838697076,"LINESTRING (139.7655184 35.66761, 139.7657884 35.6673885)",,,,,,,1
1130958685,1130958976,0,97685613,tertiary,演舞場通り,False,,True,42.0074449622507,"LINESTRING (139.7655184 35.66761, 139.7652612 35.6678261, 139.7651943 35.6678809)",,,,,,,1
1130958685,1715779072,0,159457555,residential,,False,,True,59.0867913980184,"LINESTRING (139.7655184 35.66761, 139.7655699 35.6676518, 139.7659812 35.6679855)",,,,,,,1
1130958745,1130958313,0,97685613,tertiary,演舞場通り,False,,True,47.0120197338383,"LINESTRING (139.7667079 35.666603, 139.7664072 35.666869, 139.7663559 35.6669144)",,,,,,,1
1130958745,1130958331,0,97685661,unclassified,,True,,False,118.978638762857,"LINESTRING (139.7667079 35.666603, 139.7666642 35.6665684, 139.7658164 35.6658969, 139.7657647 35.6658562)",,,,,,,1
1130958758,1130958407,0,97685728,unclassified,銀座三原通り,True,,False,111.771765069844,"LINESTRING (139.7629257 35.6680315, 139.7628769 35.6679944, 139.7621056 35.6674022, 139.7620234 35.6673438)",,,,,,,1
1130958758,1130958546,0,97685754,unclassified,花椿通り,True,,False,31.3432735345993,"LINESTRING (139.7629257 35.6680315, 139.7629756 35.6679934, 139.7631742 35.6678348)",,30,,,,,1
1130958799,1130958629,0,97685692,residential,,True,,False,66.5700194610894,"LINESTRING (139.7692434 35.6696855, 139.7692616 35.6697318, 139.7697322 35.6701273)",,,,,,,1
1130958799,951247002,0,342481201,unclassified,松屋通り,True,,False,33.2489163154132,"LINESTRING (139.7692434 35.6696855, 139.7694543 35.6695214, 139.7694785 35.6695026, 139.7695107 35.66948)",,,,,,,1
1130958801,1130958573,0,69963044,tertiary,中央市場通り,True,,False,34.319779748593,"LINESTRING (139.7645734 35.6668419, 139.7648386 35.6666209)",2,,,,,,1
1130958801,835996327,0,97685704,unclassified,,False,,False,11.2073718368761,"LINESTRING (139.7645734 35.6668419, 139.7644832 35.6667727)",,30,,,,,1
1130958801,1130958685,0,97685735,unclassified,,True,,False,120.771949138514,"LINESTRING (139.7645734 35.6668419, 139.7646235 35.6668775, 139.7654763 35.6675757, 139.7655184 35.66761)",,,,,,,1
1130958813,835996333,0,651701877,tertiary,銀中通り,False,,False,28.6846287617655,"LINESTRING (139.763705 35.6665059, 139.7639283 35.6663225)",,,,,,,1
1130958813,835996358,0,651701877,tertiary,銀中通り,False,,True,33.8603754898145,"LINESTRING (139.763705 35.6665059, 139.7635424 35.6666288, 139.7634626 35.6667346)",,,,,,,1
1130958846,1105152915,0,342481197,tertiary,,True,,False,36.4506172000261,"LINESTRING (139.7702797 35.6706005, 139.7699712 35.6708118)",,,,,,,1
1130958878,951246999,0,680788593,primary,晴海通り,True,304,False,63.1551315776929,"LINESTRING (139.7655487 35.6707765, 139.7651935 35.6710367, 139.7651284 35.6710843, 139.7650292 35.6711566)",3,,,,,,1
1130958893,1130958799,0,97685692,residential,,True,,False,145.334577860059,"LINESTRING (139.7681347 35.6687384, 139.7681973 35.6687897, 139.7691977 35.6696463, 139.7692434 35.6696855)",,,,,,,1
1130958893,835996339,0,269150840,primary,晴海通り,True,304,False,31.9018590268286,"LINESTRING (139.7681347 35.6687384, 139.7682698 35.6686251, 139.7683805 35.6685324)",3,,,,,,1
1130958910,1130958522,0,97685642,unclassified,木挽町通り,True,,False,35.0834775018129,"LINESTRING (139.7642079 35.6661036, 139.7644814 35.6663276)",,,,,,,1
1130958910,835996333,0,651701877,tertiary,銀中通り,False,,True,35.0778599791125,"LINESTRING (139.7642079 35.6661036, 139.7639283 35.6663225)",,,,,,,1
1130958910,1130958973,0,"[69963032, 651701877]",tertiary,銀中通り,False,,False,100.193420294675,"LINESTRING (139.7642079 35.6661036, 139.7646975 35.6657031, 139.7647404 35.6656933, 139.7648063 35.6657107, 139.765019 35.6658831)",,,,,,,1
1130958918,31254310,0,69963039,primary,昭和通り,True,316,False,104.142084192974,"LINESTRING (139.7678722 35.6703198, 139.7673033 35.6697014, 139.7671822 35.6695695)",,,,,,,1
1130958918,1130958459,0,97685614,residential,,False,,True,106.03794952387,"LINESTRING (139.7678722 35.6703198, 139.7679383 35.6702731, 139.7687004 35.669714, 139.7687457 35.6696828)",,,,,,,1
1130958932,1130958602,0,97685728,unclassified,銀座三原通り,True,,False,131.153469342354,"LINESTRING (139.7650265 35.6696399, 139.7649748 35.669602, 139.7640186 35.6688744, 139.763967 35.6688335)",,,,,,,1
1130958932,559359760,0,680788592,unclassified,みゆき通り,True,,False,29.8421169904864,"LINESTRING (139.7650265 35.6696399, 139.76508 35.6695999, 139.7652703 35.6694588)",,30,,,,,1
1130958954,1105152954,0,74314548,residential,木挽町通り,True,,False,66.5729412291814,"LINESTRING (139.7694274 35.6703533, 139.7689727 35.6699568, 139.7689251 35.6699152)",,30,,,,,1
1130958954,1130958629,0,97685654,residential,,True,,False,37.2781227350202,"LINESTRING (139.7694274 35.6703533, 139.7694596 35.6703287, 139.7697322 35.6701273)",,,,,,,1
1130958964,5218144609,0,97685763,unclassified,,True,,False,32.0537716823537,"LINESTRING (139.7660245 35.6700155, 139.765959 35.6701524, 139.765896 35.6702842)",,,,,,,1
1130958973,835996360,0,69963032,tertiary,銀中通り,False,,False,37.8744512245341,"LINESTRING (139.765019 35.6658831, 139.7652391 35.6660628, 139.7653149 35.6661244)",,,,,,,1
1130958973,1130958910,0,"[69963032, 651701877]",tertiary,銀中通り,False,,True,100.193420294675,"LINESTRING (139.765019 35.6658831, 139.7648063 35.6657107, 139.7647404 35.6656933, 139.7646975 35.6657031, 139.7642079 35.6661036)",,,,,,,1
1130958973,1130958522,0,97685626,residential,,True,,False,69.2939097876648,"LINESTRING (139.765019 35.6658831, 139.7649783 35.6659159, 139.7644814 35.6663276)",,,,,,,1
1130958976,835996368,0,580847357,primary,昭和通り,True,316,False,71.7020515862695,"LINESTRING (139.7651943 35.6678809, 139.7646037 35.6674501)",,,,,,,1
1130958976,1130958685,0,97685613,tertiary,演舞場通り,False,,False,42.0074449622507,"LINESTRING (139.7651943 35.6678809, 139.7652612 35.6678261, 139.7655184 35.66761)",,,,,,,1
1130958981,1130958932,0,39629578,unclassified,みゆき通り,True,,False,53.0119454053894,"LINESTRING (139.7645762 35.6699456, 139.7649606 35.6696862, 139.7650265 35.6696399)",,30,,,,,1
1130958981,1130958878,0,240392412,unclassified,あづま通り,True,,False,127.494434473926,"LINESTRING (139.7645762 35.6699456, 139.7646287 35.6699918, 139.7651811 35.6704625, 139.7654795 35.6707203, 139.7655487 35.6707765)",,,,,,,1
1326673490,1326673800,0,92223190,tertiary,,False,,True,14.6913252116908,"LINESTRING (139.7712015 35.6715579, 139.7710716 35.6716374)",,,,,,,1
1326673490,835996357,0,92223190,tertiary,,False,,False,37.0505941900641,"LINESTRING (139.7712015 35.6715579, 139.7714933 35.671429, 139.7715631 35.6714007)",,,,,,,1
1326673490,1326673493,0,117855732,residential,,True,,False,60.4971644834613,"LINESTRING (139.7712015 35.6715579, 139.7711573 35.6715116, 139.7707871 35.6711305)",,,,,,yes,1
1326673493,835996338,0,74314564,residential,,False,,False,43.421335991079,"LINESTRING (139.7707871 35.6711305, 139.7711065 35.6709173, 139.7711585 35.6708826)",,,,,,,1
1326673493,878518740,0,74314564,residential,,False,,True,34.0891466132101,"LINESTRING (139.7707871 35.6711305, 139.7705261 35.6713047, 139.7704955 35.6713251)",,,,,,,1
1326673799,1105152884,0,97685664,residential,,True,,False,55.0448358864228,"LINESTRING (139.7716457 35.6723977, 139.7711072 35.6726294)",,,,,,,1
1326673799,1326673800,0,117855757,residential,,False,,True,99.1953494266076,"LINESTRING (139.7716457 35.6723977, 139.7711108 35.6716821, 139.7710716 35.6716374)",,,,,,yes,1
1326673800,1326673490,0,92223190,tertiary,,False,,False,14.6913252116908,"LINESTRING (139.7710716 35.6716374, 139.7712015 35.6715579)",,,,,,,1
1326673800,878518780,0,92223190,tertiary,,False,,True,18.2516060094887,"LINESTRING (139.7710716 35.6716374, 139.7709132 35.6717393)",,,,,,,1
1326673800,1326673799,0,117855757,residential,,False,,False,99.1953494266076,"LINESTRING (139.7710716 35.6716374, 139.7711108 35.6716821, 139.7716457 35.6723977)",,,,,,yes,1
1715778976,1715779072,0,159457557,residential,,False,,True,38.6598751430093,"LINESTRING (139.7662667 35.6677265, 139.7659812 35.6679855)",,,,,,,1
1715778976,1130958290,0,97685638,unclassified,木挽町通り,True,,False,57.2721901788243,"LINESTRING (139.7662667 35.6677265, 139.7658456 35.6674259, 139.7657884 35.6673885)",,,,,,,1
1715779072,1715778976,0,159457557,residential,,False,,False,38.6598751430093,"LINESTRING (139.7659812 35.6679855, 139.7662667 35.6677265)",,,,,,,1
1715779072,1130958685,0,159457555,residential,,False,,False,59.0867913980184,"LINESTRING (139.7659812 35.6679855, 139.7655699 35.6676518, 139.7655184 35.66761)",,,,,,,1
1715779072,1715779074,0,159457557,residential,,False,,True,42.8752247424592,"LINESTRING (139.7659812 35.6679855, 139.7657106 35.6682282, 139.7656626 35.6682713)",,,,,,,1
1715779074,1130958976,0,580847357,primary,昭和通り,True,316,False,60.6145871803742,"LINESTRING (139.7656626 35.6682713, 139.7651943 35.6678809)",,,,,,,1
1715779074,1715779072,0,159457557,residential,,False,,False,42.8752247424592,"LINESTRING (139.7656626 35.6682713, 139.7657106 35.6682282, 139.7659812 35.6679855)",,,,,,,1
1721499195,559359752,0,4848928,primary,昭和通り,True,316,False,54.8496337572756,"LINESTRING (139.7645904 35.6676832, 139.7650145 35.6680362)",,,,,,,1
1721499195,1721499345,0,160074527,unclassified,,True,,False,65.5831918610173,"LINESTRING (139.7645904 35.6676832, 139.7645199 35.6677417, 139.7641167 35.6680736, 139.7640807 35.6681032)",,,,,,,1
1721499345,1130958426,0,44049166,unclassified,,True,,False,79.6167932555254,"LINESTRING (139.7640807 35.6681032, 139.7634766 35.6676461, 139.7634333 35.6676175)",1,,,,,,1
1891432787,31254333,0,39629550,unclassified,交詢社通り,True,,False,7.10288148657439,"LINESTRING (139.7631623 35.6693984, 139.7631036 35.6694409)",,,,,,,1
1891432787,31254325,0,538982927,trunk,中央通り,True,15,False,129.535799536443,"LINESTRING (139.7631623 35.6693984, 139.7631113 35.6693445, 139.7623369 35.6686073, 139.7622983 35.6685705, 139.7622349 35.66851)",2,50,,,,,1
2019045905,387769189,0,33847144,unclassified,交詢社通り,True,,False,19.3283661091932,"LINESTRING (139.7610465 35.6708842, 139.7608877 35.6710007)",,,,,,,1
2019045905,2800542859,0,191318898,unclassified,,False,,False,130.684144432338,"LINESTRING (139.7610465 35.6708842, 139.7610877 35.6709227, 139.7617889 35.6715676, 139.761803 35.671581, 139.761974 35.6714533, 139.7620273 35.6714155)",,,,,,,1
2019136813,387769191,0,39629507,residential,,True,,False,38.0896037753069,"LINESTRING (139.7602333 35.670379, 139.759994 35.6701532, 139.7599582 35.6701194)",,,,,,,1
2019136813,2019136815,0,191324188,unclassified,,False,,False,43.9221062403892,"LINESTRING (139.7602333 35.670379, 139.7598923 35.6706142, 139.7598627 35.6706347)",,,,,,,1
2019136815,475010618,0,39520581,unclassified,銀座コリドー通り,True,,False,93.7436978302266,"LINESTRING (139.7598627 35.6706347, 139.7600625 35.6709808, 139.7603033 35.671398)",,,,,,,1
2019136815,2019136813,0,191324188,unclassified,,False,,True,43.9221062403892,"LINESTRING (139.7598627 35.6706347, 139.7598923 35.6706142, 139.7602333 35.670379)",,,,,,,1
2135828535,2135828537,0,726941893,tertiary,御門通り,True,,False,8.55856790024352,"LINESTRING (139.7589114 35.6683972, 139.7588685 35.6684288, 139.7588465 35.6684528)",,,,,,,1
2135828537,1105125191,0,39520581,unclassified,銀座コリドー通り,True,,False,113.674326166264,"LINESTRING (139.7588465 35.6684528, 139.7588119 35.6685208, 139.7588036 35.6685415, 139.7587848 35.6686446, 139.7588098 35.6687386, 139.7589347 35.6689987, 139.7591196 35.6693374, 139.7591657 35.6694045)",,,,,,,1
2135828537,2135828550,0,319196850,secondary,外堀通り,True,405,False,101.199910716135,"LINESTRING (139.7588465 35.6684528, 139.7588926 35.6685055, 139.7589437 35.6685503, 139.75951 35.6690557, 139.7595953 35.6691291)",,,,,,,1
2135828545,473470387,0,27695605,unclassified,,True,,False,33.654929264167,"LINESTRING (139.7596686 35.6690738, 139.7597302 35.6690304, 139.759953 35.6688783)",,,,,,,1
2135828545,2135828535,0,319195388,secondary,外堀通り,True,405,False,101.836621210536,"LINESTRING (139.7596686 35.6690738, 139.7595929 35.6689996, 139.7590115 35.6685056, 139.7589583 35.6684575, 139.7589114 35.6683972)",,,,,,,1
2135828550,304153031,0,240595359,tertiary,,False,,False,5.27582586028336,"LINESTRING (139.7595953 35.6691291, 139.7596375 35.6690963)",2,,,,,,1
2135828550,260426062,0,240595359,tertiary,,False,,True,29.4391243948074,"LINESTRING (139.7595953 35.6691291, 139.7595295 35.6691786, 139.7593544 35.6693074)",2,,,,,,1
2135828550,2800570525,0,319196850,secondary,外堀通り,True,405,False,49.3099013203153,"LINESTRING (139.7595953 35.6691291, 139.7596748 35.6692028, 139.7599531 35.669464)",,,,,,,1
2135828574,565362075,0,240595361,unclassified,花椿通り,True,,False,33.02704167843,"LINESTRING (139.7604249 35.6697757, 139.7604971 35.6697255, 139.7607027 35.6695826)",,,,,,,1
2135828574,2135828545,0,319195388,secondary,外堀通り,True,405,False,103.730493952095,"LINESTRING (139.7604249 35.6697757, 139.7603423 35.6696954, 139.7597523 35.6691531, 139.7596686 35.6690738)",,,,,,,1
2135828579,565362074,0,44492913,unclassified,花椿通り,False,,False,5.14925798281496,"LINESTRING (139.7603446 35.669832, 139.7603876 35.6698016)",,,,,,,1
2135828579,5102651244,0,44492913,unclassified,花椿通り,False,,True,39.3608361883896,"LINESTRING (139.7603446 35.669832, 139.7602672 35.6698867, 139.7600229 35.6700707)",,,,,,,1
2135828579,2135828613,0,319196850,secondary,外堀通り,True,405,False,129.382414325323,"LINESTRING (139.7603446 35.669832, 139.7604324 35.6699153, 139.7612001 35.6706436, 139.7612762 35.6707158)",,,,,,,1
2135828611,2135828613,0,33847144,unclassified,交詢社通り,True,,False,7.7583656231718,"LINESTRING (139.7613399 35.670669, 139.7613168 35.6706861, 139.7612762 35.6707158)",,,,,,,1
2135828611,2135828574,0,319195388,secondary,外堀通り,True,405,False,129.22237387946,"LINESTRING (139.7613399 35.670669, 139.761268 35.6705988, 139.7605126 35.6698613, 139.7604249 35.6697757)",,,,,,,1
2135828613,2019045905,0,33847144,unclassified,交詢社通り,True,,False,27.9498683194793,"LINESTRING (139.7612762 35.6707158, 139.7612004 35.6707722, 139.7610465 35.6708842)",,,,,,,1
2135828613,2800542859,0,319196850,secondary,外堀通り,True,405,False,103.231712165478,"LINESTRING (139.7612762 35.6707158, 139.7613483 35.6707828, 139.7620273 35.6714155)",,,,,,,1
2135828629,473470385,0,39629578,unclassified,みゆき通り,True,,False,32.2221494500706,"LINESTRING (139.7622976 35.6715614, 139.762379 35.671501, 139.7625609 35.6713659)",,30,,,,,1
2135828629,2135828611,0,319195388,secondary,外堀通り,True,405,False,131.647772235289,"LINESTRING (139.7622976 35.6715614, 139.7622262 35.6714949, 139.7614127 35.6707386, 139.7613399 35.670669)",,,,,,,1
2135828631,2135828629,0,39629578,unclassified,みゆき通り,True,,False,7.74282366752937,"LINESTRING (139.7622324 35.6716066, 139.7622676 35.6715825, 139.7622976 35.6715614)",,30,,,,,1
2135828631,2135828641,0,319196850,secondary,外堀通り,True,405,False,131.943112598254,"LINESTRING (139.7622324 35.6716066, 139.7622966 35.6716665, 139.7630165 35.6723443, 139.7630741 35.6723986, 139.7631752 35.6725123)",,,,,,,1
2135828639,2135828641,0,682718132,primary,晴海通り,True,304,False,9.51766178378109,"LINESTRING (139.7632528 35.6724544, 139.7631752 35.6725123)",3,,,,,,1
2135828639,2135828629,0,319195388,secondary,外堀通り,True,405,False,131.559653302116,"LINESTRING (139.7632528 35.6724544, 139.76314 35.6723557, 139.7623624 35.6716199, 139.7622976 35.6715614)",,,,,,,1
2135828641,2135828644,0,942581089,secondary,外堀通り,True,405,False,10.7939905093042,"LINESTRING (139.7631752 35.6725123, 139.7632521 35.6725866)",,,,,,,1
2135828641,573250483,0,"[459563825, 942581084]",primary,晴海通り,True,304,False,40.0549260826797,"LINESTRING (139.7631752 35.6725123, 139.7630467 35.6726, 139.7628218 35.6727294)",4,,,,,,1
2135828643,2135828639,0,942581087,secondary,外堀通り,True,405,False,11.1544180137787,"LINESTRING (139.7633306 35.6725323, 139.7632528 35.6724544)",,,,,,,1
2135828643,473470182,0,"[942581082, 884274229]",primary,晴海通り,True,304,False,74.3276375626037,"LINESTRING (139.7633306 35.6725323, 139.763457 35.6724435, 139.7636399 35.672316, 139.7638743 35.6721588, 139.7639598 35.6721016)",3,,,,,,1
2135828644,2135828643,0,942581088,primary,晴海通り,True,304,False,9.31332024477748,"LINESTRING (139.7632521 35.6725866, 139.7633306 35.6725323)",3,,,,,,1
2135828644,3949376510,0,"[942581083, 319195387]",secondary,外堀通り,True,405,False,113.509918114006,"LINESTRING (139.7632521 35.6725866, 139.7633871 35.6727191, 139.7634372 35.6727557, 139.7640897 35.6731394, 139.7641535 35.6731834, 139.7642046 35.6732419)",,,,,,,1
2135828653,2135828643,0,342481199,secondary,外堀通り,True,405,False,62.2805866222555,"LINESTRING (139.763852 35.6728946, 139.7635256 35.672702, 139.7634581 35.6726504, 139.7633306 35.6725323)",,,,,,,1
2135828659,2135828653,0,342481199,secondary,外堀通り,True,405,False,51.5487517850603,"LINESTRING (139.7642978 35.6731832, 139.7642214 35.6731244, 139.764149 35.6730744, 139.763852 35.6728946)",,,,,,,1
2135828659,565362110,0,342481201,unclassified,松屋通り,True,,False,55.1391381327951,"LINESTRING (139.7642978 35.6731832, 139.7643638 35.6731355, 139.7647067 35.6728837, 139.7647511 35.6728511)",,,,,,,1
2135828662,2135828666,0,319195387,secondary,外堀通り,True,405,False,95.3034556192574,"LINESTRING (139.7644116 35.6735107, 139.7648871 35.6741617, 139.7649508 35.6742474)",,,,,,,1
2135828665,2135828666,0,240392373,residential,,True,,False,10.9162646256464,"LINESTRING (139.7650573 35.674201, 139.7649508 35.6742474)",,,,,,,1
2135828665,2135828659,0,922026090,secondary,外堀通り,True,405,False,132.349585158063,"LINESTRING (139.7650573 35.674201, 139.7649878 35.6741082, 139.7643428 35.673239, 139.7642978 35.6731832)",,,,,,,1
2135828666,2135828672,0,319195387,secondary,外堀通り,True,405,False,120.411673874544,"LINESTRING (139.7649508 35.6742474, 139.765024 35.6743483, 139.7655681 35.6751036, 139.7656226 35.6751827)",,,,,,,1
2135828671,1105152951,0,95277526,unclassified,銀座柳通り,True,,False,53.4628605766114,"LINESTRING (139.7657767 35.6751899, 139.7658837 35.6751542, 139.7662507 35.6749077)",,,,,,,1
2135828671,2135828665,0,922026090,secondary,外堀通り,True,405,False,127.737340008678,"LINESTRING (139.7657767 35.6751899, 139.765693 35.6750698, 139.7651243 35.6742999, 139.7650573 35.674201)",,,,,,,1
2135828672,2135828671,0,263802549,tertiary,銀座柳通り,True,,False,13.9492972191751,"LINESTRING (139.7656226 35.6751827, 139.7657009 35.6751844, 139.7657767 35.6751899)",,,,,,,1
2135828675,1105152922,0,690198420,tertiary,銀座桜通り,False,,True,67.079612814905,"LINESTRING (139.7660545 35.6755969, 139.766179 35.6755605, 139.7667528 35.6753916)",,,,,,,1
2135828675,2135828671,0,922026090,secondary,外堀通り,True,405,False,51.7480828593517,"LINESTRING (139.7660545 35.6755969, 139.7658253 35.6752629, 139.7657767 35.6751899)",,,,,,,1
2153861395,1070638135,0,69963039,primary,昭和通り,True,316,False,63.515499531253,"LINESTRING (139.7701875 35.6729494, 139.7700823 35.6727957, 139.7698143 35.6724657)",,,,,,,1
2153861395,835996368,0,"[1245989826, 92223208, 760778286, 760779954, 4848924, 1245989823]",primary,昭和通り,True,316,False,794.588776357316,"LINESTRING (139.7701875 35.6729494, 139.7700294 35.6728315, 139.7698706 35.6726557, 139.7691925 35.6719, 139.7678979 35.670459, 139.7673431 35.6698469, 139.766815 35.6693378, 139.7663877 35.6689618, 139.7657766 35.6684588, 139.7648242 35.6676882, 139.7646037 35.6674501)",,,,yes,,,1
2153861397,1070638231,0,1245989819,primary,昭和通り,True,316,False,50.0288508520223,"LINESTRING (139.7702624 35.6732501, 139.7705864 35.673615)",,,,,,,1
2153861397,2153861398,0,205411851,residential,,False,,True,63.5559959384607,"LINESTRING (139.7702624 35.6732501, 139.7701388 35.6733146, 139.7699069 35.6734045, 139.7696826 35.6734915, 139.7696364 35.6735094)",,,,,,,1
2153861398,2153861397,0,205411851,residential,,False,,False,63.5559959384607,"LINESTRING (139.7696364 35.6735094, 139.7696826 35.6734915, 139.7699069 35.6734045, 139.7701388 35.6733146, 139.7702624 35.6732501)",,,,,,,1
2153861398,1105125749,0,856631371,unclassified,,True,,False,80.7609679061471,"LINESTRING (139.7696364 35.6735094, 139.7693939 35.6731962, 139.7691968 35.6729387, 139.7691653 35.6728922)",1,30,,,,,1
2172319420,31254275,0,879780891,primary,海岸通り,True,316,False,11.6452471817439,"LINESTRING (139.7630093 35.6660704, 139.7630541 35.6659722)",4,50,,,,,1
2800542859,2019045905,0,191318898,unclassified,,False,,True,130.684144432338,"LINESTRING (139.7620273 35.6714155, 139.761974 35.6714533, 139.761803 35.671581, 139.7617889 35.6715676, 139.7610877 35.6709227, 139.7610465 35.6708842)",,,,,,,1
2800542859,2135828631,0,319196850,secondary,外堀通り,True,405,False,28.1920047072051,"LINESTRING (139.7620273 35.6714155, 139.7621604 35.6715396, 139.7622324 35.6716066)",,,,,,,1
2800570525,2800570527,0,275430765,unclassified,,False,,False,34.9585585844648,"LINESTRING (139.7599531 35.669464, 139.7598998 35.6694987, 139.7596603 35.6696695)",,,,,,,1
2800570525,2135828579,0,319196850,secondary,外堀通り,True,405,False,54.0848220924949,"LINESTRING (139.7599531 35.669464, 139.7602572 35.6697499, 139.7603446 35.669832)",,,,,,,1
2800570527,2800570525,0,275430765,unclassified,,False,,True,34.9585585844648,"LINESTRING (139.7596603 35.6696695, 139.7598998 35.6694987, 139.7599531 35.669464)",,,,,,,1
2800570527,260426062,0,524318732,residential,,True,,False,50.2048087061632,"LINESTRING (139.7596603 35.6696695, 139.7595831 35.6695995, 139.7595577 35.669491, 139.7594018 35.6693551, 139.7593544 35.6693074)",,,,,,,1
2882602655,2135828665,0,44492916,residential,銀座マロニエ通り,True,,False,39.1046352965311,"LINESTRING (139.7653958 35.6739818, 139.7651388 35.6741462, 139.7650573 35.674201)",,,,,,,1
2882602655,1105152951,0,95277528,unclassified,,True,,False,128.795679916421,"LINESTRING (139.7653958 35.6739818, 139.7654308 35.6740169, 139.7662006 35.6748691, 139.7662507 35.6749077)",,,,,,,1
3949376510,2135828659,0,391900818,unclassified,松屋通り,True,,False,10.6526613279749,"LINESTRING (139.7642046 35.6732419, 139.7642978 35.6731832)",,,,,,,1
3949376510,2135828662,0,319195387,secondary,外堀通り,True,405,False,35.2710228542186,"LINESTRING (139.7642046 35.6732419, 139.7642471 35.6732903, 139.7644116 35.6735107)",,,,,,,1
5102651244,387769191,0,44492913,unclassified,花椿通り,False,,True,7.96765467932513,"LINESTRING (139.7600229 35.6700707, 139.7599582 35.6701194)",,,,,,,1
5102651244,2135828579,0,44492913,unclassified,花椿通り,False,,False,39.3608361883896,"LINESTRING (139.7600229 35.6700707, 139.7602672 35.6698867, 139.7603446 35.669832)",,,,,,,1
5102651244,2800570527,0,524318732,residential,,True,,False,56.7139359408568,"LINESTRING (139.7600229 35.6700707, 139.759983 35.6700305, 139.7598285 35.6698886, 139.7598196 35.6698139, 139.7596603 35.6696695)",,,,,,,1
5110457571,5110457574,0,525291476,tertiary,,False,,False,59.6620388162196,"LINESTRING (139.7703794 35.6744429, 139.7704332 35.6744221, 139.7708962 35.674252, 139.7709807 35.6742209)",,,,,,,1
5110457571,31255183,0,856631371,unclassified,,True,,False,49.4896355756831,"LINESTRING (139.7703794 35.6744429, 139.7703604 35.6744112, 139.7701382 35.6741238, 139.7700922 35.6740641)",1,30,,,,,1
5110457574,5110476586,0,23489017,primary,昭和通り,True,316,False,31.7667263333671,"LINESTRING (139.7709807 35.6742209, 139.7711431 35.6744743)",,,,,,,1
5110457574,5110457571,0,525291476,tertiary,,False,,True,59.6620388162196,"LINESTRING (139.7709807 35.6742209, 139.7708962 35.674252, 139.7704332 35.6744221, 139.7703794 35.6744429)",,,,,,,1
5110457575,5110457577,0,525291477,tertiary,,False,,False,52.5191383253125,"LINESTRING (139.771751 35.6739499, 139.771725 35.6739584, 139.7712988 35.6740966, 139.7712123 35.6741275)",,,,,,,1
5110457577,5110457575,0,525291477,tertiary,,False,,True,52.5191383253125,"LINESTRING (139.7712123 35.6741275, 139.7712988 35.6740966, 139.771725 35.6739584, 139.771751 35.6739499)",,,,,,,1
5110457577,1070638366,0,968060905,primary,昭和通り,True,316,False,43.9762832261989,"LINESTRING (139.7712123 35.6741275, 139.7710466 35.6738655, 139.7709796 35.6737805)",,,,,,,1
5218144609,1130958932,0,904911911,unclassified,,True,,False,106.312149518247,"LINESTRING (139.765896 35.6702842, 139.7656737 35.6701178, 139.7650731 35.6696734, 139.7650265 35.6696399)",,,,,,,1
5218144609,475010342,0,904911912,unclassified,,False,,False,16.9254113565574,"LINESTRING (139.765896 35.6702842, 139.7659728 35.6703354, 139.7660409 35.6703807)",,,,,,,1
6188342496,565362093,0,"[660991124, 39520581]",unclassified,"['みゆき通り', '銀座コリドー通り']",True,,False,67.0779354741189,"LINESTRING (139.7606232 35.6719948, 139.7606309 35.6720086, 139.7607183 35.6720231, 139.7613478 35.6719571)",,,,,,,1
6773618243,6773618245,0,722107874,residential,,False,,True,28.7899098139846,"LINESTRING (139.7635507 35.666012, 139.7633255 35.6661952)",,,,,,,1
6773618243,31254274,0,606147470,unclassified,,True,,False,45.7129017274276,"LINESTRING (139.7635507 35.666012, 139.7632635 35.6657753, 139.7631955 35.6657192)",,30,,,,,1
6773618244,6773618243,0,606147470,unclassified,,True,,False,21.5934863494176,"LINESTRING (139.7637185 35.6661503, 139.7635507 35.666012)",,30,,,,,1
6773618244,6773618246,0,722107875,residential,,False,,True,28.7067711874057,"LINESTRING (139.7637185 35.6661503, 139.7634956 35.6663343)",,,,,,,1
6773618245,6773618246,0,207104343,residential,,True,,False,21.8028421139489,"LINESTRING (139.7633255 35.6661952, 139.7634956 35.6663343)",1,,,,,,1
6773618245,6773618243,0,722107874,residential,,False,,False,28.7899098139846,"LINESTRING (139.7633255 35.6661952, 139.7635507 35.666012)",,,,,,,1
6773618246,6773618244,0,722107875,residential,,False,,False,28.7067711874057,"LINESTRING (139.7634956 35.6663343, 139.7637185 35.6661503)",,,,,,,1
6773618246,1130958813,0,207104343,residential,,True,,False,26.8687828972499,"LINESTRING (139.7634956 35.6663343, 139.7636639 35.666472, 139.763705 35.6665059)",1,,,,,,1
7004247499,7004247500,0,748989992,residential,,False,,False,14.0509521968601,"LINESTRING (139.7675529 35.6745168, 139.7676581 35.6744459, 139.7676726 35.6744361)",,,,,,,1
7004247500,1105152856,0,207093731,residential,銀座ガス灯通り,True,,False,73.6527997846253,"LINESTRING (139.7676726 35.6744361, 139.7681557 35.6748991, 139.7681998 35.6749414)",,,,,,,1
7004247500,7004247499,0,748989992,residential,,False,,True,14.0509521968601,"LINESTRING (139.7676726 35.6744361, 139.7676581 35.6744459, 139.7675529 35.6745168)",,,,,,,1
7094898112,31253776,0,879780891,primary,海岸通り,True,316,False,47.1978800286376,"LINESTRING (139.7634211 35.6650439, 139.7634426 35.6648561, 139.7634676 35.6646545, 139.7634712 35.6646214)",4,50,,,,,1
9510994556,31253982,0,"[879780891, 271720683]",primary,海岸通り,True,316,False,61.6823457494713,"LINESTRING (139.7634914 35.6643698, 139.7634993 35.6642715, 139.7635016 35.6641678, 139.7634912 35.6640723, 139.7634648 35.6639747, 139.7634339 35.663898, 139.7633924 35.6638299)",4,50,,,,,1
10154457637,473471752,0,39521349,unclassified,数寄屋通り,True,,False,125.919408659623,"LINESTRING (139.762737 35.6727411, 139.762673 35.6726772, 139.7618707 35.6719208, 139.7618293 35.6718817)",,,,,,,1
11583657069,2153861397,0,1245989819,primary,昭和通り,True,316,False,28.2225421568775,"LINESTRING (139.7700823 35.6730427, 139.7702624 35.6732501)",,,,,,,1
11583657070,1105125486,0,1245989824,primary,昭和通り,True,316,False,52.3419052657584,"LINESTRING (139.7707427 35.6735795, 139.7704019 35.6731988)",,,,,,,1
